artifact_a,artifact_b,ci_high,ci_low,delta_b_minus_a,delta_pp_b_minus_a,holm_bonferroni_p_value,method,metric,n_shared_case_ids,p_value,parameter,resamples,run_a,run_b,seed,significant_alpha_0_05,value_a,value_b
benchmark-1000-06b-balanced-962aaad50d0d-aed0bd1be38a,benchmark-1000-06b-diverse-64380836fa21-0cb8cd433164,0.0014049111048644663,-0.008299398482265399,-0.003197556598899399,-0.3197556598899399,1.0,paired_case_bootstrap_percentile,atomic_claim_recall,1000,0.18018198180181982,minimum_score,10000,benchmark1000-06b-balanced,benchmark1000-06b-diverse-recovery-2,20260825,False,0.0,0.55
benchmark-1000-06b-balanced-962aaad50d0d-aed0bd1be38a,benchmark-1000-06b-diverse-64380836fa21-0cb8cd433164,0.0,0.0,0.0,0,1.0,paired_case_bootstrap_percentile,prompt_coverage,1000,1.0,minimum_score,10000,benchmark1000-06b-balanced,benchmark1000-06b-diverse-recovery-2,20260826,False,0.0,0.55
benchmark-1000-06b-balanced-962aaad50d0d-aed0bd1be38a,benchmark-1000-06b-diverse-64380836fa21-0cb8cd433164,0.008,-0.014,-0.003,-0.3,1.0,paired_case_bootstrap_percentile,critical_fields_correct,1000,0.6523347665233477,minimum_score,10000,benchmark1000-06b-balanced,benchmark1000-06b-diverse-recovery-2,20260827,False,0.0,0.55
benchmark-1000-06b-balanced-962aaad50d0d-aed0bd1be38a,benchmark-1000-06b-diverse-64380836fa21-0cb8cd433164,0.009,-0.015,-0.003,-0.3,1.0,paired_case_bootstrap_percentile,critical_contradiction_free,1000,0.6817318268173183,minimum_score,10000,benchmark1000-06b-balanced,benchmark1000-06b-diverse-recovery-2,20260828,False,0.0,0.55
benchmark-1000-06b-balanced-962aaad50d0d-aed0bd1be38a,benchmark-1000-06b-diverse-64380836fa21-0cb8cd433164,0.004,-0.018,-0.007,-0.7000000000000001,1.0,paired_case_bootstrap_percentile,critical_omission_free,1000,0.2655734426557344,minimum_score,10000,benchmark1000-06b-balanced,benchmark1000-06b-diverse-recovery-2,20260829,False,0.0,0.55
benchmark-1000-06b-balanced-962aaad50d0d-aed0bd1be38a,benchmark-1000-06b-diverse-64380836fa21-0cb8cd433164,0.028,-0.026,0.001,0.1,1.0,paired_case_bootstrap_percentile,unsupported_addition_free,1000,0.9445055494450555,minimum_score,10000,benchmark1000-06b-balanced,benchmark1000-06b-diverse-recovery-2,20260830,False,0.0,0.55
benchmark-1000-06b-balanced-962aaad50d0d-aed0bd1be38a,benchmark-1000-06b-diverse-64380836fa21-0cb8cd433164,0.0,-0.007,-0.003,-0.3,1.0,paired_case_bootstrap_percentile,citation_traceability,1000,0.09779022097790221,minimum_score,10000,benchmark1000-06b-balanced,benchmark1000-06b-diverse-recovery-2,20260831,False,0.0,0.55
benchmark-1000-06b-balanced-962aaad50d0d-aed0bd1be38a,benchmark-1000-06b-recall-d3b4048e7d23-593a0ac2b3bc,0.0017606144443551835,-0.006354915056655296,-0.0021479603062058384,-0.21479603062058383,1.0,paired_case_bootstrap_percentile,atomic_claim_recall,1000,0.29957004299570045,top_k,10000,benchmark1000-06b-balanced,benchmark1000-06b-recall-recovery-2,20260832,False,8,12
benchmark-1000-06b-balanced-962aaad50d0d-aed0bd1be38a,benchmark-1000-06b-recall-d3b4048e7d23-593a0ac2b3bc,0.0,0.0,0.0,0,1.0,paired_case_bootstrap_percentile,prompt_coverage,1000,1.0,top_k,10000,benchmark1000-06b-balanced,benchmark1000-06b-recall-recovery-2,20260833,False,8,12
benchmark-1000-06b-balanced-962aaad50d0d-aed0bd1be38a,benchmark-1000-06b-recall-d3b4048e7d23-593a0ac2b3bc,0.006,-0.018,-0.006,-0.6,1.0,paired_case_bootstrap_percentile,critical_fields_correct,1000,0.37936206379362064,top_k,10000,benchmark1000-06b-balanced,benchmark1000-06b-recall-recovery-2,20260834,False,8,12
benchmark-1000-06b-balanced-962aaad50d0d-aed0bd1be38a,benchmark-1000-06b-recall-d3b4048e7d23-593a0ac2b3bc,0.002,-0.026,-0.012,-1.2,1.0,paired_case_bootstrap_percentile,critical_contradiction_free,1000,0.10338966103389662,top_k,10000,benchmark1000-06b-balanced,benchmark1000-06b-recall-recovery-2,20260835,False,8,12
benchmark-1000-06b-balanced-962aaad50d0d-aed0bd1be38a,benchmark-1000-06b-recall-d3b4048e7d23-593a0ac2b3bc,0.004,-0.018,-0.007,-0.7000000000000001,1.0,paired_case_bootstrap_percentile,critical_omission_free,1000,0.25477452254774524,top_k,10000,benchmark1000-06b-balanced,benchmark1000-06b-recall-recovery-2,20260836,False,8,12
benchmark-1000-06b-balanced-962aaad50d0d-aed0bd1be38a,benchmark-1000-06b-recall-d3b4048e7d23-593a0ac2b3bc,0.01,-0.045,-0.017,-1.7000000000000002,1.0,paired_case_bootstrap_percentile,unsupported_addition_free,1000,0.24517548245175483,top_k,10000,benchmark1000-06b-balanced,benchmark1000-06b-recall-recovery-2,20260837,False,8,12
benchmark-1000-06b-balanced-962aaad50d0d-aed0bd1be38a,benchmark-1000-06b-recall-d3b4048e7d23-593a0ac2b3bc,0.0,-0.003,-0.001,-0.1,1.0,paired_case_bootstrap_percentile,citation_traceability,1000,0.7399260073992601,top_k,10000,benchmark1000-06b-balanced,benchmark1000-06b-recall-recovery-2,20260838,False,8,12
benchmark-1000-06b-diverse-64380836fa21-0cb8cd433164,benchmark-1000-4096-v2-e65484fd3f46-ba51c25e8985,0.007385464691837193,-0.002676839408857806,0.0021915032717074695,0.21915032717074695,1.0,paired_case_bootstrap_percentile,atomic_claim_recall,1000,0.39516048395160486,minimum_score,10000,benchmark1000-06b-diverse-recovery-2,benchmark1000-4096-v2-final-auto-resume,20260839,False,0.55,0.0
benchmark-1000-06b-diverse-64380836fa21-0cb8cd433164,benchmark-1000-4096-v2-e65484fd3f46-ba51c25e8985,0.0,0.0,0.0,0,1.0,paired_case_bootstrap_percentile,prompt_coverage,1000,1.0,minimum_score,10000,benchmark1000-06b-diverse-recovery-2,benchmark1000-4096-v2-final-auto-resume,20260840,False,0.55,0.0
benchmark-1000-06b-diverse-64380836fa21-0cb8cd433164,benchmark-1000-4096-v2-e65484fd3f46-ba51c25e8985,0.019,-0.009,0.005,0.5,1.0,paired_case_bootstrap_percentile,critical_fields_correct,1000,0.5487451254874512,minimum_score,10000,benchmark1000-06b-diverse-recovery-2,benchmark1000-4096-v2-final-auto-resume,20260841,False,0.55,0.0
benchmark-1000-06b-diverse-64380836fa21-0cb8cd433164,benchmark-1000-4096-v2-e65484fd3f46-ba51c25e8985,0.003,-0.031,-0.014,-1.4000000000000001,1.0,paired_case_bootstrap_percentile,critical_contradiction_free,1000,0.1197880211978802,minimum_score,10000,benchmark1000-06b-diverse-recovery-2,benchmark1000-4096-v2-final-auto-resume,20260842,False,0.55,0.0
benchmark-1000-06b-diverse-64380836fa21-0cb8cd433164,benchmark-1000-4096-v2-e65484fd3f46-ba51c25e8985,0.022,-0.005,0.008,0.8,1.0,paired_case_bootstrap_percentile,critical_omission_free,1000,0.271972802719728,minimum_score,10000,benchmark1000-06b-diverse-recovery-2,benchmark1000-4096-v2-final-auto-resume,20260843,False,0.55,0.0
benchmark-1000-06b-diverse-64380836fa21-0cb8cd433164,benchmark-1000-4096-v2-e65484fd3f46-ba51c25e8985,-0.109,-0.181,-0.145,-14.499999999999998,0.030796920307969204,paired_case_bootstrap_percentile,unsupported_addition_free,1000,0.00019998000199980003,minimum_score,10000,benchmark1000-06b-diverse-recovery-2,benchmark1000-4096-v2-final-auto-resume,20260844,True,0.55,0.0
benchmark-1000-06b-diverse-64380836fa21-0cb8cd433164,benchmark-1000-4096-v2-e65484fd3f46-ba51c25e8985,0.007,0.0,0.003,0.3,1.0,paired_case_bootstrap_percentile,citation_traceability,1000,0.1045895410458954,minimum_score,10000,benchmark1000-06b-diverse-recovery-2,benchmark1000-4096-v2-final-auto-resume,20260845,False,0.55,0.0
benchmark-1000-06b-diverse-64380836fa21-0cb8cd433164,benchmark-1000-8192-v4-c8aad0ffe617-efd73b9b4711,0.007404446031619436,-0.003098221000431165,0.0019877986389744426,0.19877986389744426,1.0,paired_case_bootstrap_percentile,atomic_claim_recall,1000,0.46155384461553844,minimum_score,10000,benchmark1000-06b-diverse-recovery-2,benchmark1000-8192-v4,20260846,False,0.55,0.0
benchmark-1000-06b-diverse-64380836fa21-0cb8cd433164,benchmark-1000-8192-v4-c8aad0ffe617-efd73b9b4711,0.0,0.0,0.0,0,1.0,paired_case_bootstrap_percentile,prompt_coverage,1000,1.0,minimum_score,10000,benchmark1000-06b-diverse-recovery-2,benchmark1000-8192-v4,20260847,False,0.55,0.0
benchmark-1000-06b-diverse-64380836fa21-0cb8cd433164,benchmark-1000-8192-v4-c8aad0ffe617-efd73b9b4711,0.012,-0.018,-0.003,-0.3,1.0,paired_case_bootstrap_percentile,critical_fields_correct,1000,0.7563243675632437,minimum_score,10000,benchmark1000-06b-diverse-recovery-2,benchmark1000-8192-v4,20260848,False,0.55,0.0
benchmark-1000-06b-diverse-64380836fa21-0cb8cd433164,benchmark-1000-8192-v4-c8aad0ffe617-efd73b9b4711,0.005,-0.029,-0.012,-1.2,1.0,paired_case_bootstrap_percentile,critical_contradiction_free,1000,0.20717928207179281,minimum_score,10000,benchmark1000-06b-diverse-recovery-2,benchmark1000-8192-v4,20260849,False,0.55,0.0
benchmark-1000-06b-diverse-64380836fa21-0cb8cd433164,benchmark-1000-8192-v4-c8aad0ffe617-efd73b9b4711,0.011,-0.019,-0.004,-0.4,1.0,paired_case_bootstrap_percentile,critical_omission_free,1000,0.6521347865213478,minimum_score,10000,benchmark1000-06b-diverse-recovery-2,benchmark1000-8192-v4,20260850,False,0.55,0.0
benchmark-1000-06b-diverse-64380836fa21-0cb8cd433164,benchmark-1000-8192-v4-c8aad0ffe617-efd73b9b4711,-0.107,-0.177,-0.142,-14.2,0.030796920307969204,paired_case_bootstrap_percentile,unsupported_addition_free,1000,0.00019998000199980003,minimum_score,10000,benchmark1000-06b-diverse-recovery-2,benchmark1000-8192-v4,20260851,True,0.55,0.0
benchmark-1000-06b-diverse-64380836fa21-0cb8cd433164,benchmark-1000-8192-v4-c8aad0ffe617-efd73b9b4711,0.007,0.0,0.003,0.3,1.0,paired_case_bootstrap_percentile,citation_traceability,1000,0.10318968103189681,minimum_score,10000,benchmark1000-06b-diverse-recovery-2,benchmark1000-8192-v4,20260852,False,0.55,0.0
benchmark-1000-06b-recall-d3b4048e7d23-593a0ac2b3bc,benchmark-1000-4096-v2-e65484fd3f46-ba51c25e8985,0.005717627363887477,-0.003287134428758903,0.0011419069790139086,0.11419069790139086,1.0,paired_case_bootstrap_percentile,atomic_claim_recall,1000,0.6165383461653835,top_k,10000,benchmark1000-06b-recall-recovery-2,benchmark1000-4096-v2-final-auto-resume,20260853,False,12,8
benchmark-1000-06b-recall-d3b4048e7d23-593a0ac2b3bc,benchmark-1000-4096-v2-e65484fd3f46-ba51c25e8985,0.0,0.0,0.0,0,1.0,paired_case_bootstrap_percentile,prompt_coverage,1000,1.0,top_k,10000,benchmark1000-06b-recall-recovery-2,benchmark1000-4096-v2-final-auto-resume,20260854,False,12,8
benchmark-1000-06b-recall-d3b4048e7d23-593a0ac2b3bc,benchmark-1000-4096-v2-e65484fd3f46-ba51c25e8985,0.022,-0.006,0.008,0.8,1.0,paired_case_bootstrap_percentile,critical_fields_correct,1000,0.300969903009699,top_k,10000,benchmark1000-06b-recall-recovery-2,benchmark1000-4096-v2-final-auto-resume,20260855,False,12,8
benchmark-1000-06b-recall-d3b4048e7d23-593a0ac2b3bc,benchmark-1000-4096-v2-e65484fd3f46-ba51c25e8985,0.012,-0.022,-0.005,-0.5,1.0,paired_case_bootstrap_percentile,critical_contradiction_free,1000,0.6179382061793821,top_k,10000,benchmark1000-06b-recall-recovery-2,benchmark1000-4096-v2-final-auto-resume,20260856,False,12,8
benchmark-1000-06b-recall-d3b4048e7d23-593a0ac2b3bc,benchmark-1000-4096-v2-e65484fd3f46-ba51c25e8985,0.022,-0.006,0.008,0.8,1.0,paired_case_bootstrap_percentile,critical_omission_free,1000,0.291970802919708,top_k,10000,benchmark1000-06b-recall-recovery-2,benchmark1000-4096-v2-final-auto-resume,20260857,False,12,8
benchmark-1000-06b-recall-d3b4048e7d23-593a0ac2b3bc,benchmark-1000-4096-v2-e65484fd3f46-ba51c25e8985,-0.092,-0.163,-0.127,-12.7,0.030796920307969204,paired_case_bootstrap_percentile,unsupported_addition_free,1000,0.00019998000199980003,top_k,10000,benchmark1000-06b-recall-recovery-2,benchmark1000-4096-v2-final-auto-resume,20260858,True,12,8
benchmark-1000-06b-recall-d3b4048e7d23-593a0ac2b3bc,benchmark-1000-4096-v2-e65484fd3f46-ba51c25e8985,0.003,0.0,0.001,0.1,1.0,paired_case_bootstrap_percentile,citation_traceability,1000,0.7449255074492551,top_k,10000,benchmark1000-06b-recall-recovery-2,benchmark1000-4096-v2-final-auto-resume,20260859,False,12,8
benchmark-1000-06b-recall-d3b4048e7d23-593a0ac2b3bc,benchmark-1000-8192-v4-c8aad0ffe617-efd73b9b4711,0.005369388288047073,-0.003365754667309483,0.0009382023462808819,0.09382023462808818,1.0,paired_case_bootstrap_percentile,atomic_claim_recall,1000,0.670932906709329,top_k,10000,benchmark1000-06b-recall-recovery-2,benchmark1000-8192-v4,20260860,False,12,8
benchmark-1000-06b-recall-d3b4048e7d23-593a0ac2b3bc,benchmark-1000-8192-v4-c8aad0ffe617-efd73b9b4711,0.0,0.0,0.0,0,1.0,paired_case_bootstrap_percentile,prompt_coverage,1000,1.0,top_k,10000,benchmark1000-06b-recall-recovery-2,benchmark1000-8192-v4,20260861,False,12,8
benchmark-1000-06b-recall-d3b4048e7d23-593a0ac2b3bc,benchmark-1000-8192-v4-c8aad0ffe617-efd73b9b4711,0.013,-0.013,0.0,0,1.0,paired_case_bootstrap_percentile,critical_fields_correct,1000,1.0,top_k,10000,benchmark1000-06b-recall-recovery-2,benchmark1000-8192-v4,20260862,False,12,8
benchmark-1000-06b-recall-d3b4048e7d23-593a0ac2b3bc,benchmark-1000-8192-v4-c8aad0ffe617-efd73b9b4711,0.015,-0.021,-0.003,-0.3,1.0,paired_case_bootstrap_percentile,critical_contradiction_free,1000,0.7877212278772123,top_k,10000,benchmark1000-06b-recall-recovery-2,benchmark1000-8192-v4,20260863,False,12,8
benchmark-1000-06b-recall-d3b4048e7d23-593a0ac2b3bc,benchmark-1000-8192-v4-c8aad0ffe617-efd73b9b4711,0.009,-0.017,-0.004,-0.4,1.0,paired_case_bootstrap_percentile,critical_omission_free,1000,0.5943405659434057,top_k,10000,benchmark1000-06b-recall-recovery-2,benchmark1000-8192-v4,20260864,False,12,8
benchmark-1000-06b-recall-d3b4048e7d23-593a0ac2b3bc,benchmark-1000-8192-v4-c8aad0ffe617-efd73b9b4711,-0.088,-0.16,-0.124,-12.4,0.030796920307969204,paired_case_bootstrap_percentile,unsupported_addition_free,1000,0.00019998000199980003,top_k,10000,benchmark1000-06b-recall-recovery-2,benchmark1000-8192-v4,20260865,True,12,8
benchmark-1000-06b-recall-d3b4048e7d23-593a0ac2b3bc,benchmark-1000-8192-v4-c8aad0ffe617-efd73b9b4711,0.003,0.0,0.001,0.1,1.0,paired_case_bootstrap_percentile,citation_traceability,1000,0.7283271672832716,top_k,10000,benchmark1000-06b-recall-recovery-2,benchmark1000-8192-v4,20260866,False,12,8
benchmark-sensitivity-s4b-a2-ollama16384-rag2048-fc50c3f36266-6e1f7934aa89,benchmark-sensitivity-s4b-a3-ollama32768-rag2048-718974e70c61-cc3f3bc8543f,0.005446364176609754,-0.0011621232550231167,0.002142427992152708,0.2142427992152708,1.0,paired_case_bootstrap_percentile,atomic_claim_recall,1000,0.20017998200179982,ollama_context,10000,sensitivity-s4b-a2-recovery-1,sensitivity-v2-s4b-a3-recovery-2,20260867,False,16384,32768
benchmark-sensitivity-s4b-a2-ollama16384-rag2048-fc50c3f36266-6e1f7934aa89,benchmark-sensitivity-s4b-a3-ollama32768-rag2048-718974e70c61-cc3f3bc8543f,0.0,0.0,0.0,0,1.0,paired_case_bootstrap_percentile,prompt_coverage,1000,1.0,ollama_context,10000,sensitivity-s4b-a2-recovery-1,sensitivity-v2-s4b-a3-recovery-2,20260868,False,16384,32768
benchmark-sensitivity-s4b-a2-ollama16384-rag2048-fc50c3f36266-6e1f7934aa89,benchmark-sensitivity-s4b-a3-ollama32768-rag2048-718974e70c61-cc3f3bc8543f,0.014,-0.008,0.003,0.3,1.0,paired_case_bootstrap_percentile,critical_fields_correct,1000,0.6513348665133487,ollama_context,10000,sensitivity-s4b-a2-recovery-1,sensitivity-v2-s4b-a3-recovery-2,20260869,False,16384,32768
benchmark-sensitivity-s4b-a2-ollama16384-rag2048-fc50c3f36266-6e1f7934aa89,benchmark-sensitivity-s4b-a3-ollama32768-rag2048-718974e70c61-cc3f3bc8543f,0.015,-0.011,0.002,0.2,1.0,paired_case_bootstrap_percentile,critical_contradiction_free,1000,0.8395160483951605,ollama_context,10000,sensitivity-s4b-a2-recovery-1,sensitivity-v2-s4b-a3-recovery-2,20260870,False,16384,32768
benchmark-sensitivity-s4b-a2-ollama16384-rag2048-fc50c3f36266-6e1f7934aa89,benchmark-sensitivity-s4b-a3-ollama32768-rag2048-718974e70c61-cc3f3bc8543f,0.013,-0.008,0.003,0.3,1.0,paired_case_bootstrap_percentile,critical_omission_free,1000,0.6397360263973603,ollama_context,10000,sensitivity-s4b-a2-recovery-1,sensitivity-v2-s4b-a3-recovery-2,20260871,False,16384,32768
benchmark-sensitivity-s4b-a2-ollama16384-rag2048-fc50c3f36266-6e1f7934aa89,benchmark-sensitivity-s4b-a3-ollama32768-rag2048-718974e70c61-cc3f3bc8543f,0.036,-0.012,0.012,1.2,1.0,paired_case_bootstrap_percentile,unsupported_addition_free,1000,0.35236476352364765,ollama_context,10000,sensitivity-s4b-a2-recovery-1,sensitivity-v2-s4b-a3-recovery-2,20260872,False,16384,32768
benchmark-sensitivity-s4b-a2-ollama16384-rag2048-fc50c3f36266-6e1f7934aa89,benchmark-sensitivity-s4b-a3-ollama32768-rag2048-718974e70c61-cc3f3bc8543f,0.0,0.0,0.0,0,1.0,paired_case_bootstrap_percentile,citation_traceability,1000,1.0,ollama_context,10000,sensitivity-s4b-a2-recovery-1,sensitivity-v2-s4b-a3-recovery-2,20260873,False,16384,32768
benchmark-sensitivity-s4b-a2-ollama16384-rag2048-fc50c3f36266-6e1f7934aa89,benchmark-sensitivity-v2-s06b-a2-ollama16384-rag2048-0ac2d6a81a27-ef3fd6c0a559,0.004196576699304255,-0.003524669851711253,0.00038767793981653537,0.03876779398165354,1.0,paired_case_bootstrap_percentile,atomic_claim_recall,1000,0.8593140685931406,model,10000,sensitivity-s4b-a2-recovery-1,sensitivity-v2-s06b-a2-recovery-1,20260874,False,4b,
benchmark-sensitivity-s4b-a2-ollama16384-rag2048-fc50c3f36266-6e1f7934aa89,benchmark-sensitivity-v2-s06b-a2-ollama16384-rag2048-0ac2d6a81a27-ef3fd6c0a559,0.0,0.0,0.0,0,1.0,paired_case_bootstrap_percentile,prompt_coverage,1000,1.0,model,10000,sensitivity-s4b-a2-recovery-1,sensitivity-v2-s06b-a2-recovery-1,20260875,False,4b,
benchmark-sensitivity-s4b-a2-ollama16384-rag2048-fc50c3f36266-6e1f7934aa89,benchmark-sensitivity-v2-s06b-a2-ollama16384-rag2048-0ac2d6a81a27-ef3fd6c0a559,0.021,-0.007,0.007,0.7000000000000001,1.0,paired_case_bootstrap_percentile,critical_fields_correct,1000,0.3685631436856314,model,10000,sensitivity-s4b-a2-recovery-1,sensitivity-v2-s06b-a2-recovery-1,20260876,False,4b,
benchmark-sensitivity-s4b-a2-ollama16384-rag2048-fc50c3f36266-6e1f7934aa89,benchmark-sensitivity-v2-s06b-a2-ollama16384-rag2048-0ac2d6a81a27-ef3fd6c0a559,0.021,-0.015,0.003,0.3,1.0,paired_case_bootstrap_percentile,critical_contradiction_free,1000,0.7981201879812019,model,10000,sensitivity-s4b-a2-recovery-1,sensitivity-v2-s06b-a2-recovery-1,20260877,False,4b,
benchmark-sensitivity-s4b-a2-ollama16384-rag2048-fc50c3f36266-6e1f7934aa89,benchmark-sensitivity-v2-s06b-a2-ollama16384-rag2048-0ac2d6a81a27-ef3fd6c0a559,0.016,-0.012,0.002,0.2,1.0,paired_case_bootstrap_percentile,critical_omission_free,1000,0.8305169483051695,model,10000,sensitivity-s4b-a2-recovery-1,sensitivity-v2-s06b-a2-recovery-1,20260878,False,4b,
benchmark-sensitivity-s4b-a2-ollama16384-rag2048-fc50c3f36266-6e1f7934aa89,benchmark-sensitivity-v2-s06b-a2-ollama16384-rag2048-0ac2d6a81a27-ef3fd6c0a559,0.132,0.062,0.097,9.700000000000001,0.030796920307969204,paired_case_bootstrap_percentile,unsupported_addition_free,1000,0.00019998000199980003,model,10000,sensitivity-s4b-a2-recovery-1,sensitivity-v2-s06b-a2-recovery-1,20260879,True,4b,
benchmark-sensitivity-s4b-a2-ollama16384-rag2048-fc50c3f36266-6e1f7934aa89,benchmark-sensitivity-v2-s06b-a2-ollama16384-rag2048-0ac2d6a81a27-ef3fd6c0a559,0.0,0.0,0.0,0,1.0,paired_case_bootstrap_percentile,citation_traceability,1000,1.0,model,10000,sensitivity-s4b-a2-recovery-1,sensitivity-v2-s06b-a2-recovery-1,20260880,False,4b,
benchmark-sensitivity-s4b-a2-ollama16384-rag2048-fc50c3f36266-6e1f7934aa89,benchmark-sensitivity-v2-s4b-b1-ollama16384-rag4096-ecd53f66b322-7aac9477532d,0.00417968115066612,-0.0033272216905391836,0.0004538069679272848,0.04538069679272848,1.0,paired_case_bootstrap_percentile,atomic_claim_recall,1000,0.8183181681831817,rag_context,10000,sensitivity-s4b-a2-recovery-1,sensitivity-v2-s4b-b1-recovery-2,20260881,False,2048,4096
benchmark-sensitivity-s4b-a2-ollama16384-rag2048-fc50c3f36266-6e1f7934aa89,benchmark-sensitivity-v2-s4b-b1-ollama16384-rag4096-ecd53f66b322-7aac9477532d,0.0,0.0,0.0,0,1.0,paired_case_bootstrap_percentile,prompt_coverage,1000,1.0,rag_context,10000,sensitivity-s4b-a2-recovery-1,sensitivity-v2-s4b-b1-recovery-2,20260882,False,2048,4096
benchmark-sensitivity-s4b-a2-ollama16384-rag2048-fc50c3f36266-6e1f7934aa89,benchmark-sensitivity-v2-s4b-b1-ollama16384-rag4096-ecd53f66b322-7aac9477532d,0.019,-0.005,0.007,0.7000000000000001,1.0,paired_case_bootstrap_percentile,critical_fields_correct,1000,0.291970802919708,rag_context,10000,sensitivity-s4b-a2-recovery-1,sensitivity-v2-s4b-b1-recovery-2,20260883,False,2048,4096
benchmark-sensitivity-s4b-a2-ollama16384-rag2048-fc50c3f36266-6e1f7934aa89,benchmark-sensitivity-v2-s4b-b1-ollama16384-rag4096-ecd53f66b322-7aac9477532d,0.012,-0.02,-0.004,-0.4,1.0,paired_case_bootstrap_percentile,critical_contradiction_free,1000,0.6635336466353364,rag_context,10000,sensitivity-s4b-a2-recovery-1,sensitivity-v2-s4b-b1-recovery-2,20260884,False,2048,4096
benchmark-sensitivity-s4b-a2-ollama16384-rag2048-fc50c3f36266-6e1f7934aa89,benchmark-sensitivity-v2-s4b-b1-ollama16384-rag4096-ecd53f66b322-7aac9477532d,0.018,-0.006,0.006,0.6,1.0,paired_case_bootstrap_percentile,critical_omission_free,1000,0.36136386361363865,rag_context,10000,sensitivity-s4b-a2-recovery-1,sensitivity-v2-s4b-b1-recovery-2,20260885,False,2048,4096
benchmark-sensitivity-s4b-a2-ollama16384-rag2048-fc50c3f36266-6e1f7934aa89,benchmark-sensitivity-v2-s4b-b1-ollama16384-rag4096-ecd53f66b322-7aac9477532d,0.018,-0.041,-0.012,-1.2,1.0,paired_case_bootstrap_percentile,unsupported_addition_free,1000,0.45915408459154083,rag_context,10000,sensitivity-s4b-a2-recovery-1,sensitivity-v2-s4b-b1-recovery-2,20260886,False,2048,4096
benchmark-sensitivity-s4b-a2-ollama16384-rag2048-fc50c3f36266-6e1f7934aa89,benchmark-sensitivity-v2-s4b-b1-ollama16384-rag4096-ecd53f66b322-7aac9477532d,0.0,0.0,0.0,0,1.0,paired_case_bootstrap_percentile,citation_traceability,1000,1.0,rag_context,10000,sensitivity-s4b-a2-recovery-1,sensitivity-v2-s4b-b1-recovery-2,20260887,False,2048,4096
benchmark-sensitivity-s4b-a2-ollama16384-rag2048-fc50c3f36266-6e1f7934aa89,benchmark-sensitivity-v2-s4b-b2-ollama16384-rag8192-93231ef5df4d-dc59c5c2179c,0.003973126698438102,-0.003764957949344646,0.00015302245484314638,0.015302245484314638,1.0,paired_case_bootstrap_percentile,atomic_claim_recall,1000,0.9461053894610539,rag_context,10000,sensitivity-s4b-a2-recovery-1,sensitivity-v2-s4b-b2,20260888,False,2048,8192
benchmark-sensitivity-s4b-a2-ollama16384-rag2048-fc50c3f36266-6e1f7934aa89,benchmark-sensitivity-v2-s4b-b2-ollama16384-rag8192-93231ef5df4d-dc59c5c2179c,0.0,0.0,0.0,0,1.0,paired_case_bootstrap_percentile,prompt_coverage,1000,1.0,rag_context,10000,sensitivity-s4b-a2-recovery-1,sensitivity-v2-s4b-b2,20260889,False,2048,8192
benchmark-sensitivity-s4b-a2-ollama16384-rag2048-fc50c3f36266-6e1f7934aa89,benchmark-sensitivity-v2-s4b-b2-ollama16384-rag8192-93231ef5df4d-dc59c5c2179c,0.017,-0.009,0.004,0.4,1.0,paired_case_bootstrap_percentile,critical_fields_correct,1000,0.6111388861113889,rag_context,10000,sensitivity-s4b-a2-recovery-1,sensitivity-v2-s4b-b2,20260890,False,2048,8192
benchmark-sensitivity-s4b-a2-ollama16384-rag2048-fc50c3f36266-6e1f7934aa89,benchmark-sensitivity-v2-s4b-b2-ollama16384-rag8192-93231ef5df4d-dc59c5c2179c,0.019,-0.009,0.005,0.5,1.0,paired_case_bootstrap_percentile,critical_contradiction_free,1000,0.5493450654934506,rag_context,10000,sensitivity-s4b-a2-recovery-1,sensitivity-v2-s4b-b2,20260891,False,2048,8192
benchmark-sensitivity-s4b-a2-ollama16384-rag2048-fc50c3f36266-6e1f7934aa89,benchmark-sensitivity-v2-s4b-b2-ollama16384-rag8192-93231ef5df4d-dc59c5c2179c,0.017,-0.007,0.005,0.5,1.0,paired_case_bootstrap_percentile,critical_omission_free,1000,0.46895310468953105,rag_context,10000,sensitivity-s4b-a2-recovery-1,sensitivity-v2-s4b-b2,20260892,False,2048,8192
benchmark-sensitivity-s4b-a2-ollama16384-rag2048-fc50c3f36266-6e1f7934aa89,benchmark-sensitivity-v2-s4b-b2-ollama16384-rag8192-93231ef5df4d-dc59c5c2179c,0.019,-0.039,-0.01,-1.0,1.0,paired_case_bootstrap_percentile,unsupported_addition_free,1000,0.5135486451354865,rag_context,10000,sensitivity-s4b-a2-recovery-1,sensitivity-v2-s4b-b2,20260893,False,2048,8192
benchmark-sensitivity-s4b-a2-ollama16384-rag2048-fc50c3f36266-6e1f7934aa89,benchmark-sensitivity-v2-s4b-b2-ollama16384-rag8192-93231ef5df4d-dc59c5c2179c,0.0,0.0,0.0,0,1.0,paired_case_bootstrap_percentile,citation_traceability,1000,1.0,rag_context,10000,sensitivity-s4b-a2-recovery-1,sensitivity-v2-s4b-b2,20260894,False,2048,8192
benchmark-sensitivity-s4b-a2-ollama16384-rag2048-fc50c3f36266-6e1f7934aa89,benchmark-sensitivity-v2-s4b-b3-ollama16384-rag16384-2331152e2dc6-642539acfba8,0.004644193230429601,-0.0022650574375084743,0.0011192209271514806,0.11192209271514805,1.0,paired_case_bootstrap_percentile,atomic_claim_recall,1000,0.523947605239476,rag_context,10000,sensitivity-s4b-a2-recovery-1,sensitivity-v2-s4b-b3-recovery-2,20260895,False,2048,16384
benchmark-sensitivity-s4b-a2-ollama16384-rag2048-fc50c3f36266-6e1f7934aa89,benchmark-sensitivity-v2-s4b-b3-ollama16384-rag16384-2331152e2dc6-642539acfba8,0.0,0.0,0.0,0,1.0,paired_case_bootstrap_percentile,prompt_coverage,1000,1.0,rag_context,10000,sensitivity-s4b-a2-recovery-1,sensitivity-v2-s4b-b3-recovery-2,20260896,False,2048,16384
benchmark-sensitivity-s4b-a2-ollama16384-rag2048-fc50c3f36266-6e1f7934aa89,benchmark-sensitivity-v2-s4b-b3-ollama16384-rag16384-2331152e2dc6-642539acfba8,0.021,-0.006,0.007,0.7000000000000001,1.0,paired_case_bootstrap_percentile,critical_fields_correct,1000,0.33636636336366366,rag_context,10000,sensitivity-s4b-a2-recovery-1,sensitivity-v2-s4b-b3-recovery-2,20260897,False,2048,16384
benchmark-sensitivity-s4b-a2-ollama16384-rag2048-fc50c3f36266-6e1f7934aa89,benchmark-sensitivity-v2-s4b-b3-ollama16384-rag16384-2331152e2dc6-642539acfba8,0.013,-0.017,-0.002,-0.2,1.0,paired_case_bootstrap_percentile,critical_contradiction_free,1000,0.835916408359164,rag_context,10000,sensitivity-s4b-a2-recovery-1,sensitivity-v2-s4b-b3-recovery-2,20260898,False,2048,16384
benchmark-sensitivity-s4b-a2-ollama16384-rag2048-fc50c3f36266-6e1f7934aa89,benchmark-sensitivity-v2-s4b-b3-ollama16384-rag16384-2331152e2dc6-642539acfba8,0.023,-0.005,0.009,0.8999999999999999,1.0,paired_case_bootstrap_percentile,critical_omission_free,1000,0.22057794220577942,rag_context,10000,sensitivity-s4b-a2-recovery-1,sensitivity-v2-s4b-b3-recovery-2,20260899,False,2048,16384
benchmark-sensitivity-s4b-a2-ollama16384-rag2048-fc50c3f36266-6e1f7934aa89,benchmark-sensitivity-v2-s4b-b3-ollama16384-rag16384-2331152e2dc6-642539acfba8,-0.004,-0.061,-0.032,-3.2,1.0,paired_case_bootstrap_percentile,unsupported_addition_free,1000,0.031596840315968405,rag_context,10000,sensitivity-s4b-a2-recovery-1,sensitivity-v2-s4b-b3-recovery-2,20260900,False,2048,16384
benchmark-sensitivity-s4b-a2-ollama16384-rag2048-fc50c3f36266-6e1f7934aa89,benchmark-sensitivity-v2-s4b-b3-ollama16384-rag16384-2331152e2dc6-642539acfba8,0.0,0.0,0.0,0,1.0,paired_case_bootstrap_percentile,citation_traceability,1000,1.0,rag_context,10000,sensitivity-s4b-a2-recovery-1,sensitivity-v2-s4b-b3-recovery-2,20260901,False,2048,16384
benchmark-sensitivity-s4b-a3-ollama32768-rag2048-718974e70c61-cc3f3bc8543f,benchmark-sensitivity-v2-s06b-a3-ollama32768-rag2048-9385e05af106-ec53ca58233c,0.00042194736138536184,-0.007353840793114508,-0.003426103066701491,-0.3426103066701491,1.0,paired_case_bootstrap_percentile,atomic_claim_recall,1000,0.08199180081991801,model,10000,sensitivity-v2-s4b-a3-recovery-2,sensitivity-v2-s06b-a3-recovery-1,20260902,False,4b,
benchmark-sensitivity-s4b-a3-ollama32768-rag2048-718974e70c61-cc3f3bc8543f,benchmark-sensitivity-v2-s06b-a3-ollama32768-rag2048-9385e05af106-ec53ca58233c,0.0,0.0,0.0,0,1.0,paired_case_bootstrap_percentile,prompt_coverage,1000,1.0,model,10000,sensitivity-v2-s4b-a3-recovery-2,sensitivity-v2-s06b-a3-recovery-1,20260903,False,4b,
benchmark-sensitivity-s4b-a3-ollama32768-rag2048-718974e70c61-cc3f3bc8543f,benchmark-sensitivity-v2-s06b-a3-ollama32768-rag2048-9385e05af106-ec53ca58233c,0.015,-0.014,0.0,0,1.0,paired_case_bootstrap_percentile,critical_fields_correct,1000,1.0,model,10000,sensitivity-v2-s4b-a3-recovery-2,sensitivity-v2-s06b-a3-recovery-1,20260904,False,4b,
benchmark-sensitivity-s4b-a3-ollama32768-rag2048-718974e70c61-cc3f3bc8543f,benchmark-sensitivity-v2-s06b-a3-ollama32768-rag2048-9385e05af106-ec53ca58233c,0.032,-0.002,0.015,1.5,1.0,paired_case_bootstrap_percentile,critical_contradiction_free,1000,0.08659134086591341,model,10000,sensitivity-v2-s4b-a3-recovery-2,sensitivity-v2-s06b-a3-recovery-1,20260905,False,4b,
benchmark-sensitivity-s4b-a3-ollama32768-rag2048-718974e70c61-cc3f3bc8543f,benchmark-sensitivity-v2-s06b-a3-ollama32768-rag2048-9385e05af106-ec53ca58233c,0.01,-0.017,-0.003,-0.3,1.0,paired_case_bootstrap_percentile,critical_omission_free,1000,0.7115288471152885,model,10000,sensitivity-v2-s4b-a3-recovery-2,sensitivity-v2-s06b-a3-recovery-1,20260906,False,4b,
benchmark-sensitivity-s4b-a3-ollama32768-rag2048-718974e70c61-cc3f3bc8543f,benchmark-sensitivity-v2-s06b-a3-ollama32768-rag2048-9385e05af106-ec53ca58233c,0.14,0.069,0.105,10.5,0.030796920307969204,paired_case_bootstrap_percentile,unsupported_addition_free,1000,0.00019998000199980003,model,10000,sensitivity-v2-s4b-a3-recovery-2,sensitivity-v2-s06b-a3-recovery-1,20260907,True,4b,
benchmark-sensitivity-s4b-a3-ollama32768-rag2048-718974e70c61-cc3f3bc8543f,benchmark-sensitivity-v2-s06b-a3-ollama32768-rag2048-9385e05af106-ec53ca58233c,0.0,0.0,0.0,0,1.0,paired_case_bootstrap_percentile,citation_traceability,1000,1.0,model,10000,sensitivity-v2-s4b-a3-recovery-2,sensitivity-v2-s06b-a3-recovery-1,20260908,False,4b,
benchmark-sensitivity-v2-s06b-a2-ollama16384-rag2048-0ac2d6a81a27-ef3fd6c0a559,benchmark-sensitivity-v2-s06b-a3-ollama32768-rag2048-9385e05af106-ec53ca58233c,0.001734250644440821,-0.005208024684216141,-0.001671353014365318,-0.1671353014365318,1.0,paired_case_bootstrap_percentile,atomic_claim_recall,1000,0.3421657834216578,ollama_context,10000,sensitivity-v2-s06b-a2-recovery-1,sensitivity-v2-s06b-a3-recovery-1,20260909,False,16384,32768
benchmark-sensitivity-v2-s06b-a2-ollama16384-rag2048-0ac2d6a81a27-ef3fd6c0a559,benchmark-sensitivity-v2-s06b-a3-ollama32768-rag2048-9385e05af106-ec53ca58233c,0.0,0.0,0.0,0,1.0,paired_case_bootstrap_percentile,prompt_coverage,1000,1.0,ollama_context,10000,sensitivity-v2-s06b-a2-recovery-1,sensitivity-v2-s06b-a3-recovery-1,20260910,False,16384,32768
benchmark-sensitivity-v2-s06b-a2-ollama16384-rag2048-0ac2d6a81a27-ef3fd6c0a559,benchmark-sensitivity-v2-s06b-a3-ollama32768-rag2048-9385e05af106-ec53ca58233c,0.009,-0.017,-0.004,-0.4,1.0,paired_case_bootstrap_percentile,critical_fields_correct,1000,0.5971402859714029,ollama_context,10000,sensitivity-v2-s06b-a2-recovery-1,sensitivity-v2-s06b-a3-recovery-1,20260911,False,16384,32768
benchmark-sensitivity-v2-s06b-a2-ollama16384-rag2048-0ac2d6a81a27-ef3fd6c0a559,benchmark-sensitivity-v2-s06b-a3-ollama32768-rag2048-9385e05af106-ec53ca58233c,0.027,0.001,0.014,1.4000000000000001,1.0,paired_case_bootstrap_percentile,critical_contradiction_free,1000,0.03799620037996201,ollama_context,10000,sensitivity-v2-s06b-a2-recovery-1,sensitivity-v2-s06b-a3-recovery-1,20260912,False,16384,32768
benchmark-sensitivity-v2-s06b-a2-ollama16384-rag2048-0ac2d6a81a27-ef3fd6c0a559,benchmark-sensitivity-v2-s06b-a3-ollama32768-rag2048-9385e05af106-ec53ca58233c,0.011,-0.015,-0.002,-0.2,1.0,paired_case_bootstrap_percentile,critical_omission_free,1000,0.8289171082891711,ollama_context,10000,sensitivity-v2-s06b-a2-recovery-1,sensitivity-v2-s06b-a3-recovery-1,20260913,False,16384,32768
benchmark-sensitivity-v2-s06b-a2-ollama16384-rag2048-0ac2d6a81a27-ef3fd6c0a559,benchmark-sensitivity-v2-s06b-a3-ollama32768-rag2048-9385e05af106-ec53ca58233c,0.045,-0.005,0.02,2.0,1.0,paired_case_bootstrap_percentile,unsupported_addition_free,1000,0.1327867213278672,ollama_context,10000,sensitivity-v2-s06b-a2-recovery-1,sensitivity-v2-s06b-a3-recovery-1,20260914,False,16384,32768
benchmark-sensitivity-v2-s06b-a2-ollama16384-rag2048-0ac2d6a81a27-ef3fd6c0a559,benchmark-sensitivity-v2-s06b-a3-ollama32768-rag2048-9385e05af106-ec53ca58233c,0.0,0.0,0.0,0,1.0,paired_case_bootstrap_percentile,citation_traceability,1000,1.0,ollama_context,10000,sensitivity-v2-s06b-a2-recovery-1,sensitivity-v2-s06b-a3-recovery-1,20260915,False,16384,32768
benchmark-sensitivity-v2-s06b-a3-ollama32768-rag2048-9385e05af106-ec53ca58233c,benchmark-sensitivity-v2-s06b-b1-rag4096-ollama32768-b031df3fd07a-d40c557f3c33,0.005107463136925384,-0.0026785719314610275,0.001276081699956636,0.1276081699956636,1.0,paired_case_bootstrap_percentile,atomic_claim_recall,1000,0.5049495050494951,rag_context,10000,sensitivity-v2-s06b-a3-recovery-1,sensitivity-v2-s06b-b1-recovery-1,20260916,False,2048,4096
benchmark-sensitivity-v2-s06b-a3-ollama32768-rag2048-9385e05af106-ec53ca58233c,benchmark-sensitivity-v2-s06b-b1-rag4096-ollama32768-b031df3fd07a-d40c557f3c33,0.0,0.0,0.0,0,1.0,paired_case_bootstrap_percentile,prompt_coverage,1000,1.0,rag_context,10000,sensitivity-v2-s06b-a3-recovery-1,sensitivity-v2-s06b-b1-recovery-1,20260917,False,2048,4096
benchmark-sensitivity-v2-s06b-a3-ollama32768-rag2048-9385e05af106-ec53ca58233c,benchmark-sensitivity-v2-s06b-b1-rag4096-ollama32768-b031df3fd07a-d40c557f3c33,0.013,-0.013,0.0,0,1.0,paired_case_bootstrap_percentile,critical_fields_correct,1000,1.0,rag_context,10000,sensitivity-v2-s06b-a3-recovery-1,sensitivity-v2-s06b-b1-recovery-1,20260918,False,2048,4096
benchmark-sensitivity-v2-s06b-a3-ollama32768-rag2048-9385e05af106-ec53ca58233c,benchmark-sensitivity-v2-s06b-b1-rag4096-ollama32768-b031df3fd07a-d40c557f3c33,0.004,-0.023,-0.009,-0.8999999999999999,1.0,paired_case_bootstrap_percentile,critical_contradiction_free,1000,0.20217978202179782,rag_context,10000,sensitivity-v2-s06b-a3-recovery-1,sensitivity-v2-s06b-b1-recovery-1,20260919,False,2048,4096
benchmark-sensitivity-v2-s06b-a3-ollama32768-rag2048-9385e05af106-ec53ca58233c,benchmark-sensitivity-v2-s06b-b1-rag4096-ollama32768-b031df3fd07a-d40c557f3c33,0.018,-0.008,0.005,0.5,1.0,paired_case_bootstrap_percentile,critical_omission_free,1000,0.49195080491950804,rag_context,10000,sensitivity-v2-s06b-a3-recovery-1,sensitivity-v2-s06b-b1-recovery-1,20260920,False,2048,4096
benchmark-sensitivity-v2-s06b-a3-ollama32768-rag2048-9385e05af106-ec53ca58233c,benchmark-sensitivity-v2-s06b-b1-rag4096-ollama32768-b031df3fd07a-d40c557f3c33,-0.014,-0.071,-0.042,-4.2,0.5585441455854415,paired_case_bootstrap_percentile,unsupported_addition_free,1000,0.0037996200379962005,rag_context,10000,sensitivity-v2-s06b-a3-recovery-1,sensitivity-v2-s06b-b1-recovery-1,20260921,False,2048,4096
benchmark-sensitivity-v2-s06b-a3-ollama32768-rag2048-9385e05af106-ec53ca58233c,benchmark-sensitivity-v2-s06b-b1-rag4096-ollama32768-b031df3fd07a-d40c557f3c33,0.0,0.0,0.0,0,1.0,paired_case_bootstrap_percentile,citation_traceability,1000,1.0,rag_context,10000,sensitivity-v2-s06b-a3-recovery-1,sensitivity-v2-s06b-b1-recovery-1,20260922,False,2048,4096
benchmark-sensitivity-v2-s06b-a3-ollama32768-rag2048-9385e05af106-ec53ca58233c,benchmark-sensitivity-v2-s06b-b2-rag8192-ollama32768-4f51d50c6363-5417a0580071,0.006642778425057169,-0.001419326699791026,0.002631946727179767,0.2631946727179767,1.0,paired_case_bootstrap_percentile,atomic_claim_recall,1000,0.19518048195180482,rag_context,10000,sensitivity-v2-s06b-a3-recovery-1,sensitivity-v2-s06b-b2-recovery-2,20260923,False,2048,8192
benchmark-sensitivity-v2-s06b-a3-ollama32768-rag2048-9385e05af106-ec53ca58233c,benchmark-sensitivity-v2-s06b-b2-rag8192-ollama32768-4f51d50c6363-5417a0580071,0.0,0.0,0.0,0,1.0,paired_case_bootstrap_percentile,prompt_coverage,1000,1.0,rag_context,10000,sensitivity-v2-s06b-a3-recovery-1,sensitivity-v2-s06b-b2-recovery-2,20260924,False,2048,8192
benchmark-sensitivity-v2-s06b-a3-ollama32768-rag2048-9385e05af106-ec53ca58233c,benchmark-sensitivity-v2-s06b-b2-rag8192-ollama32768-4f51d50c6363-5417a0580071,0.008,-0.019,-0.006,-0.6,1.0,paired_case_bootstrap_percentile,critical_fields_correct,1000,0.42815718428157185,rag_context,10000,sensitivity-v2-s06b-a3-recovery-1,sensitivity-v2-s06b-b2-recovery-2,20260925,False,2048,8192
benchmark-sensitivity-v2-s06b-a3-ollama32768-rag2048-9385e05af106-ec53ca58233c,benchmark-sensitivity-v2-s06b-b2-rag8192-ollama32768-4f51d50c6363-5417a0580071,-0.001,-0.025,-0.013,-1.3,1.0,paired_case_bootstrap_percentile,critical_contradiction_free,1000,0.049795020497950204,rag_context,10000,sensitivity-v2-s06b-a3-recovery-1,sensitivity-v2-s06b-b2-recovery-2,20260926,False,2048,8192
benchmark-sensitivity-v2-s06b-a3-ollama32768-rag2048-9385e05af106-ec53ca58233c,benchmark-sensitivity-v2-s06b-b2-rag8192-ollama32768-4f51d50c6363-5417a0580071,0.015,-0.011,0.002,0.2,1.0,paired_case_bootstrap_percentile,critical_omission_free,1000,0.8209179082091791,rag_context,10000,sensitivity-v2-s06b-a3-recovery-1,sensitivity-v2-s06b-b2-recovery-2,20260927,False,2048,8192
benchmark-sensitivity-v2-s06b-a3-ollama32768-rag2048-9385e05af106-ec53ca58233c,benchmark-sensitivity-v2-s06b-b2-rag8192-ollama32768-4f51d50c6363-5417a0580071,0.004,-0.052,-0.024,-2.4,1.0,paired_case_bootstrap_percentile,unsupported_addition_free,1000,0.102989701029897,rag_context,10000,sensitivity-v2-s06b-a3-recovery-1,sensitivity-v2-s06b-b2-recovery-2,20260928,False,2048,8192
benchmark-sensitivity-v2-s06b-a3-ollama32768-rag2048-9385e05af106-ec53ca58233c,benchmark-sensitivity-v2-s06b-b2-rag8192-ollama32768-4f51d50c6363-5417a0580071,0.0,0.0,0.0,0,1.0,paired_case_bootstrap_percentile,citation_traceability,1000,1.0,rag_context,10000,sensitivity-v2-s06b-a3-recovery-1,sensitivity-v2-s06b-b2-recovery-2,20260929,False,2048,8192
benchmark-sensitivity-v2-s06b-a3-ollama32768-rag2048-9385e05af106-ec53ca58233c,benchmark-sensitivity-v2-s06b-b3-rag16384-ollama32768-bd469f5371b2-8629fc1702c9,0.009382720157347549,0.0015115665424397173,0.0053769455479058805,0.537694554790588,0.9927007299270073,paired_case_bootstrap_percentile,atomic_claim_recall,1000,0.006799320067993201,rag_context,10000,sensitivity-v2-s06b-a3-recovery-1,sensitivity-v2-s06b-b3-recovery-2,20260930,False,2048,16384
benchmark-sensitivity-v2-s06b-a3-ollama32768-rag2048-9385e05af106-ec53ca58233c,benchmark-sensitivity-v2-s06b-b3-rag16384-ollama32768-bd469f5371b2-8629fc1702c9,0.0,0.0,0.0,0,1.0,paired_case_bootstrap_percentile,prompt_coverage,1000,1.0,rag_context,10000,sensitivity-v2-s06b-a3-recovery-1,sensitivity-v2-s06b-b3-recovery-2,20260931,False,2048,16384
benchmark-sensitivity-v2-s06b-a3-ollama32768-rag2048-9385e05af106-ec53ca58233c,benchmark-sensitivity-v2-s06b-b3-rag16384-ollama32768-bd469f5371b2-8629fc1702c9,0.015,-0.011,0.002,0.2,1.0,paired_case_bootstrap_percentile,critical_fields_correct,1000,0.8241175882411759,rag_context,10000,sensitivity-v2-s06b-a3-recovery-1,sensitivity-v2-s06b-b3-recovery-2,20260932,False,2048,16384
benchmark-sensitivity-v2-s06b-a3-ollama32768-rag2048-9385e05af106-ec53ca58233c,benchmark-sensitivity-v2-s06b-b3-rag16384-ollama32768-bd469f5371b2-8629fc1702c9,0.008,-0.018,-0.005,-0.5,1.0,paired_case_bootstrap_percentile,critical_contradiction_free,1000,0.5045495450454954,rag_context,10000,sensitivity-v2-s06b-a3-recovery-1,sensitivity-v2-s06b-b3-recovery-2,20260933,False,2048,16384
benchmark-sensitivity-v2-s06b-a3-ollama32768-rag2048-9385e05af106-ec53ca58233c,benchmark-sensitivity-v2-s06b-b3-rag16384-ollama32768-bd469f5371b2-8629fc1702c9,0.014,-0.012,0.001,0.1,1.0,paired_case_bootstrap_percentile,critical_omission_free,1000,0.9501049895010499,rag_context,10000,sensitivity-v2-s06b-a3-recovery-1,sensitivity-v2-s06b-b3-recovery-2,20260934,False,2048,16384
benchmark-sensitivity-v2-s06b-a3-ollama32768-rag2048-9385e05af106-ec53ca58233c,benchmark-sensitivity-v2-s06b-b3-rag16384-ollama32768-bd469f5371b2-8629fc1702c9,-0.017,-0.075,-0.046,-4.6,0.295970402959704,paired_case_bootstrap_percentile,unsupported_addition_free,1000,0.001999800019998,rag_context,10000,sensitivity-v2-s06b-a3-recovery-1,sensitivity-v2-s06b-b3-recovery-2,20260935,False,2048,16384
benchmark-sensitivity-v2-s06b-a3-ollama32768-rag2048-9385e05af106-ec53ca58233c,benchmark-sensitivity-v2-s06b-b3-rag16384-ollama32768-bd469f5371b2-8629fc1702c9,0.0,0.0,0.0,0,1.0,paired_case_bootstrap_percentile,citation_traceability,1000,1.0,rag_context,10000,sensitivity-v2-s06b-a3-recovery-1,sensitivity-v2-s06b-b3-recovery-2,20260936,False,2048,16384
benchmark-sensitivity-v2-s06b-b1-rag4096-ollama32768-b031df3fd07a-d40c557f3c33,benchmark-sensitivity-v2-s06b-b2-rag8192-ollama32768-4f51d50c6363-5417a0580071,0.0047152024879859806,-0.0018942309377664292,0.001355865027223131,0.1355865027223131,1.0,paired_case_bootstrap_percentile,atomic_claim_recall,1000,0.42395760423957607,rag_context,10000,sensitivity-v2-s06b-b1-recovery-1,sensitivity-v2-s06b-b2-recovery-2,20260937,False,4096,8192
benchmark-sensitivity-v2-s06b-b1-rag4096-ollama32768-b031df3fd07a-d40c557f3c33,benchmark-sensitivity-v2-s06b-b2-rag8192-ollama32768-4f51d50c6363-5417a0580071,0.0,0.0,0.0,0,1.0,paired_case_bootstrap_percentile,prompt_coverage,1000,1.0,rag_context,10000,sensitivity-v2-s06b-b1-recovery-1,sensitivity-v2-s06b-b2-recovery-2,20260938,False,4096,8192
benchmark-sensitivity-v2-s06b-b1-rag4096-ollama32768-b031df3fd07a-d40c557f3c33,benchmark-sensitivity-v2-s06b-b2-rag8192-ollama32768-4f51d50c6363-5417a0580071,0.005,-0.017,-0.006,-0.6,1.0,paired_case_bootstrap_percentile,critical_fields_correct,1000,0.33356664333566644,rag_context,10000,sensitivity-v2-s06b-b1-recovery-1,sensitivity-v2-s06b-b2-recovery-2,20260939,False,4096,8192
benchmark-sensitivity-v2-s06b-b1-rag4096-ollama32768-b031df3fd07a-d40c557f3c33,benchmark-sensitivity-v2-s06b-b2-rag8192-ollama32768-4f51d50c6363-5417a0580071,0.007,-0.015,-0.004,-0.4,1.0,paired_case_bootstrap_percentile,critical_contradiction_free,1000,0.5457454254574543,rag_context,10000,sensitivity-v2-s06b-b1-recovery-1,sensitivity-v2-s06b-b2-recovery-2,20260940,False,4096,8192
benchmark-sensitivity-v2-s06b-b1-rag4096-ollama32768-b031df3fd07a-d40c557f3c33,benchmark-sensitivity-v2-s06b-b2-rag8192-ollama32768-4f51d50c6363-5417a0580071,0.007,-0.014,-0.003,-0.3,1.0,paired_case_bootstrap_percentile,critical_omission_free,1000,0.6243375662433757,rag_context,10000,sensitivity-v2-s06b-b1-recovery-1,sensitivity-v2-s06b-b2-recovery-2,20260941,False,4096,8192
benchmark-sensitivity-v2-s06b-b1-rag4096-ollama32768-b031df3fd07a-d40c557f3c33,benchmark-sensitivity-v2-s06b-b2-rag8192-ollama32768-4f51d50c6363-5417a0580071,0.041,-0.005,0.018,1.7999999999999998,1.0,paired_case_bootstrap_percentile,unsupported_addition_free,1000,0.13858614138586142,rag_context,10000,sensitivity-v2-s06b-b1-recovery-1,sensitivity-v2-s06b-b2-recovery-2,20260942,False,4096,8192
benchmark-sensitivity-v2-s06b-b1-rag4096-ollama32768-b031df3fd07a-d40c557f3c33,benchmark-sensitivity-v2-s06b-b2-rag8192-ollama32768-4f51d50c6363-5417a0580071,0.0,0.0,0.0,0,1.0,paired_case_bootstrap_percentile,citation_traceability,1000,1.0,rag_context,10000,sensitivity-v2-s06b-b1-recovery-1,sensitivity-v2-s06b-b2-recovery-2,20260943,False,4096,8192
benchmark-sensitivity-v2-s06b-b1-rag4096-ollama32768-b031df3fd07a-d40c557f3c33,benchmark-sensitivity-v2-s06b-b3-rag16384-ollama32768-bd469f5371b2-8629fc1702c9,0.007625133747038315,0.0007034225424010088,0.004100863847949244,0.41008638479492443,1.0,paired_case_bootstrap_percentile,atomic_claim_recall,1000,0.015998400159984,rag_context,10000,sensitivity-v2-s06b-b1-recovery-1,sensitivity-v2-s06b-b3-recovery-2,20260944,False,4096,16384
benchmark-sensitivity-v2-s06b-b1-rag4096-ollama32768-b031df3fd07a-d40c557f3c33,benchmark-sensitivity-v2-s06b-b3-rag16384-ollama32768-bd469f5371b2-8629fc1702c9,0.0,0.0,0.0,0,1.0,paired_case_bootstrap_percentile,prompt_coverage,1000,1.0,rag_context,10000,sensitivity-v2-s06b-b1-recovery-1,sensitivity-v2-s06b-b3-recovery-2,20260945,False,4096,16384
benchmark-sensitivity-v2-s06b-b1-rag4096-ollama32768-b031df3fd07a-d40c557f3c33,benchmark-sensitivity-v2-s06b-b3-rag16384-ollama32768-bd469f5371b2-8629fc1702c9,0.014,-0.01,0.002,0.2,1.0,paired_case_bootstrap_percentile,critical_fields_correct,1000,0.8131186881311869,rag_context,10000,sensitivity-v2-s06b-b1-recovery-1,sensitivity-v2-s06b-b3-recovery-2,20260946,False,4096,16384
benchmark-sensitivity-v2-s06b-b1-rag4096-ollama32768-b031df3fd07a-d40c557f3c33,benchmark-sensitivity-v2-s06b-b3-rag16384-ollama32768-bd469f5371b2-8629fc1702c9,0.016,-0.008,0.004,0.4,1.0,paired_case_bootstrap_percentile,critical_contradiction_free,1000,0.5807419258074192,rag_context,10000,sensitivity-v2-s06b-b1-recovery-1,sensitivity-v2-s06b-b3-recovery-2,20260947,False,4096,16384
benchmark-sensitivity-v2-s06b-b1-rag4096-ollama32768-b031df3fd07a-d40c557f3c33,benchmark-sensitivity-v2-s06b-b3-rag16384-ollama32768-bd469f5371b2-8629fc1702c9,0.007,-0.015,-0.004,-0.4,1.0,paired_case_bootstrap_percentile,critical_omission_free,1000,0.5421457854214579,rag_context,10000,sensitivity-v2-s06b-b1-recovery-1,sensitivity-v2-s06b-b3-recovery-2,20260948,False,4096,16384
benchmark-sensitivity-v2-s06b-b1-rag4096-ollama32768-b031df3fd07a-d40c557f3c33,benchmark-sensitivity-v2-s06b-b3-rag16384-ollama32768-bd469f5371b2-8629fc1702c9,0.021,-0.029,-0.004,-0.4,1.0,paired_case_bootstrap_percentile,unsupported_addition_free,1000,0.7963203679632037,rag_context,10000,sensitivity-v2-s06b-b1-recovery-1,sensitivity-v2-s06b-b3-recovery-2,20260949,False,4096,16384
benchmark-sensitivity-v2-s06b-b1-rag4096-ollama32768-b031df3fd07a-d40c557f3c33,benchmark-sensitivity-v2-s06b-b3-rag16384-ollama32768-bd469f5371b2-8629fc1702c9,0.0,0.0,0.0,0,1.0,paired_case_bootstrap_percentile,citation_traceability,1000,1.0,rag_context,10000,sensitivity-v2-s06b-b1-recovery-1,sensitivity-v2-s06b-b3-recovery-2,20260950,False,4096,16384
benchmark-sensitivity-v2-s06b-b2-rag8192-ollama32768-4f51d50c6363-5417a0580071,benchmark-sensitivity-v2-s06b-b3-rag16384-ollama32768-bd469f5371b2-8629fc1702c9,0.005665494947176533,-2.9582201075672692e-05,0.002744998820726113,0.27449988207261133,1.0,paired_case_bootstrap_percentile,atomic_claim_recall,1000,0.0527947205279472,rag_context,10000,sensitivity-v2-s06b-b2-recovery-2,sensitivity-v2-s06b-b3-recovery-2,20260951,False,8192,16384
benchmark-sensitivity-v2-s06b-b2-rag8192-ollama32768-4f51d50c6363-5417a0580071,benchmark-sensitivity-v2-s06b-b3-rag16384-ollama32768-bd469f5371b2-8629fc1702c9,0.0,0.0,0.0,0,1.0,paired_case_bootstrap_percentile,prompt_coverage,1000,1.0,rag_context,10000,sensitivity-v2-s06b-b2-recovery-2,sensitivity-v2-s06b-b3-recovery-2,20260952,False,8192,16384
benchmark-sensitivity-v2-s06b-b2-rag8192-ollama32768-4f51d50c6363-5417a0580071,benchmark-sensitivity-v2-s06b-b3-rag16384-ollama32768-bd469f5371b2-8629fc1702c9,0.019,-0.003,0.008,0.8,1.0,paired_case_bootstrap_percentile,critical_fields_correct,1000,0.19638036196380362,rag_context,10000,sensitivity-v2-s06b-b2-recovery-2,sensitivity-v2-s06b-b3-recovery-2,20260953,False,8192,16384
benchmark-sensitivity-v2-s06b-b2-rag8192-ollama32768-4f51d50c6363-5417a0580071,benchmark-sensitivity-v2-s06b-b3-rag16384-ollama32768-bd469f5371b2-8629fc1702c9,0.018,-0.001,0.008,0.8,1.0,paired_case_bootstrap_percentile,critical_contradiction_free,1000,0.12478752124787522,rag_context,10000,sensitivity-v2-s06b-b2-recovery-2,sensitivity-v2-s06b-b3-recovery-2,20260954,False,8192,16384
benchmark-sensitivity-v2-s06b-b2-rag8192-ollama32768-4f51d50c6363-5417a0580071,benchmark-sensitivity-v2-s06b-b3-rag16384-ollama32768-bd469f5371b2-8629fc1702c9,0.009,-0.012,-0.001,-0.1,1.0,paired_case_bootstrap_percentile,critical_omission_free,1000,0.9303069693030697,rag_context,10000,sensitivity-v2-s06b-b2-recovery-2,sensitivity-v2-s06b-b3-recovery-2,20260955,False,8192,16384
benchmark-sensitivity-v2-s06b-b2-rag8192-ollama32768-4f51d50c6363-5417a0580071,benchmark-sensitivity-v2-s06b-b3-rag16384-ollama32768-bd469f5371b2-8629fc1702c9,0.003,-0.046,-0.022,-2.1999999999999997,1.0,paired_case_bootstrap_percentile,unsupported_addition_free,1000,0.0897910208979102,rag_context,10000,sensitivity-v2-s06b-b2-recovery-2,sensitivity-v2-s06b-b3-recovery-2,20260956,False,8192,16384
benchmark-sensitivity-v2-s06b-b2-rag8192-ollama32768-4f51d50c6363-5417a0580071,benchmark-sensitivity-v2-s06b-b3-rag16384-ollama32768-bd469f5371b2-8629fc1702c9,0.0,0.0,0.0,0,1.0,paired_case_bootstrap_percentile,citation_traceability,1000,1.0,rag_context,10000,sensitivity-v2-s06b-b2-recovery-2,sensitivity-v2-s06b-b3-recovery-2,20260957,False,8192,16384
benchmark-sensitivity-v2-s4b-b1-ollama16384-rag4096-ecd53f66b322-7aac9477532d,benchmark-sensitivity-v2-s4b-b2-ollama16384-rag8192-93231ef5df4d-dc59c5c2179c,0.0033005026419122762,-0.0038619784975171194,-0.0003007845130841383,-0.03007845130841383,1.0,paired_case_bootstrap_percentile,atomic_claim_recall,1000,0.8647135286471352,rag_context,10000,sensitivity-v2-s4b-b1-recovery-2,sensitivity-v2-s4b-b2,20260958,False,4096,8192
benchmark-sensitivity-v2-s4b-b1-ollama16384-rag4096-ecd53f66b322-7aac9477532d,benchmark-sensitivity-v2-s4b-b2-ollama16384-rag8192-93231ef5df4d-dc59c5c2179c,0.0,0.0,0.0,0,1.0,paired_case_bootstrap_percentile,prompt_coverage,1000,1.0,rag_context,10000,sensitivity-v2-s4b-b1-recovery-2,sensitivity-v2-s4b-b2,20260959,False,4096,8192
benchmark-sensitivity-v2-s4b-b1-ollama16384-rag4096-ecd53f66b322-7aac9477532d,benchmark-sensitivity-v2-s4b-b2-ollama16384-rag8192-93231ef5df4d-dc59c5c2179c,0.009,-0.015,-0.003,-0.3,1.0,paired_case_bootstrap_percentile,critical_fields_correct,1000,0.6727327267273273,rag_context,10000,sensitivity-v2-s4b-b1-recovery-2,sensitivity-v2-s4b-b2,20260960,False,4096,8192
benchmark-sensitivity-v2-s4b-b1-ollama16384-rag4096-ecd53f66b322-7aac9477532d,benchmark-sensitivity-v2-s4b-b2-ollama16384-rag8192-93231ef5df4d-dc59c5c2179c,0.022,-0.004,0.009,0.8999999999999999,1.0,paired_case_bootstrap_percentile,critical_contradiction_free,1000,0.22397760223977603,rag_context,10000,sensitivity-v2-s4b-b1-recovery-2,sensitivity-v2-s4b-b2,20260961,False,4096,8192
benchmark-sensitivity-v2-s4b-b1-ollama16384-rag4096-ecd53f66b322-7aac9477532d,benchmark-sensitivity-v2-s4b-b2-ollama16384-rag8192-93231ef5df4d-dc59c5c2179c,0.01,-0.012,-0.001,-0.1,1.0,paired_case_bootstrap_percentile,critical_omission_free,1000,0.9057094290570943,rag_context,10000,sensitivity-v2-s4b-b1-recovery-2,sensitivity-v2-s4b-b2,20260962,False,4096,8192
benchmark-sensitivity-v2-s4b-b1-ollama16384-rag4096-ecd53f66b322-7aac9477532d,benchmark-sensitivity-v2-s4b-b2-ollama16384-rag8192-93231ef5df4d-dc59c5c2179c,0.027,-0.023,0.002,0.2,1.0,paired_case_bootstrap_percentile,unsupported_addition_free,1000,0.8969103089691031,rag_context,10000,sensitivity-v2-s4b-b1-recovery-2,sensitivity-v2-s4b-b2,20260963,False,4096,8192
benchmark-sensitivity-v2-s4b-b1-ollama16384-rag4096-ecd53f66b322-7aac9477532d,benchmark-sensitivity-v2-s4b-b2-ollama16384-rag8192-93231ef5df4d-dc59c5c2179c,0.0,0.0,0.0,0,1.0,paired_case_bootstrap_percentile,citation_traceability,1000,1.0,rag_context,10000,sensitivity-v2-s4b-b1-recovery-2,sensitivity-v2-s4b-b2,20260964,False,4096,8192
benchmark-sensitivity-v2-s4b-b1-ollama16384-rag4096-ecd53f66b322-7aac9477532d,benchmark-sensitivity-v2-s4b-b3-ollama16384-rag16384-2331152e2dc6-642539acfba8,0.0037983306214395517,-0.0024894777413773913,0.000665413959224196,0.0665413959224196,1.0,paired_case_bootstrap_percentile,atomic_claim_recall,1000,0.6887311268873113,rag_context,10000,sensitivity-v2-s4b-b1-recovery-2,sensitivity-v2-s4b-b3-recovery-2,20260965,False,4096,16384
benchmark-sensitivity-v2-s4b-b1-ollama16384-rag4096-ecd53f66b322-7aac9477532d,benchmark-sensitivity-v2-s4b-b3-ollama16384-rag16384-2331152e2dc6-642539acfba8,0.0,0.0,0.0,0,1.0,paired_case_bootstrap_percentile,prompt_coverage,1000,1.0,rag_context,10000,sensitivity-v2-s4b-b1-recovery-2,sensitivity-v2-s4b-b3-recovery-2,20260966,False,4096,16384
benchmark-sensitivity-v2-s4b-b1-ollama16384-rag4096-ecd53f66b322-7aac9477532d,benchmark-sensitivity-v2-s4b-b3-ollama16384-rag16384-2331152e2dc6-642539acfba8,0.012,-0.013,0.0,0,1.0,paired_case_bootstrap_percentile,critical_fields_correct,1000,1.0,rag_context,10000,sensitivity-v2-s4b-b1-recovery-2,sensitivity-v2-s4b-b3-recovery-2,20260967,False,4096,16384
benchmark-sensitivity-v2-s4b-b1-ollama16384-rag4096-ecd53f66b322-7aac9477532d,benchmark-sensitivity-v2-s4b-b3-ollama16384-rag16384-2331152e2dc6-642539acfba8,0.016,-0.012,0.002,0.2,1.0,paired_case_bootstrap_percentile,critical_contradiction_free,1000,0.8429157084291571,rag_context,10000,sensitivity-v2-s4b-b1-recovery-2,sensitivity-v2-s4b-b3-recovery-2,20260968,False,4096,16384
benchmark-sensitivity-v2-s4b-b1-ollama16384-rag4096-ecd53f66b322-7aac9477532d,benchmark-sensitivity-v2-s4b-b3-ollama16384-rag16384-2331152e2dc6-642539acfba8,0.016,-0.01,0.003,0.3,1.0,paired_case_bootstrap_percentile,critical_omission_free,1000,0.6825317468253175,rag_context,10000,sensitivity-v2-s4b-b1-recovery-2,sensitivity-v2-s4b-b3-recovery-2,20260969,False,4096,16384
benchmark-sensitivity-v2-s4b-b1-ollama16384-rag4096-ecd53f66b322-7aac9477532d,benchmark-sensitivity-v2-s4b-b3-ollama16384-rag16384-2331152e2dc6-642539acfba8,0.006,-0.046,-0.02,-2.0,1.0,paired_case_bootstrap_percentile,unsupported_addition_free,1000,0.1371862813718628,rag_context,10000,sensitivity-v2-s4b-b1-recovery-2,sensitivity-v2-s4b-b3-recovery-2,20260970,False,4096,16384
benchmark-sensitivity-v2-s4b-b1-ollama16384-rag4096-ecd53f66b322-7aac9477532d,benchmark-sensitivity-v2-s4b-b3-ollama16384-rag16384-2331152e2dc6-642539acfba8,0.0,0.0,0.0,0,1.0,paired_case_bootstrap_percentile,citation_traceability,1000,1.0,rag_context,10000,sensitivity-v2-s4b-b1-recovery-2,sensitivity-v2-s4b-b3-recovery-2,20260971,False,4096,16384
benchmark-sensitivity-v2-s4b-b2-ollama16384-rag8192-93231ef5df4d-dc59c5c2179c,benchmark-sensitivity-v2-s4b-b3-ollama16384-rag16384-2331152e2dc6-642539acfba8,0.003960569330307812,-0.0020505939082283253,0.0009661984723083343,0.09661984723083343,1.0,paired_case_bootstrap_percentile,atomic_claim_recall,1000,0.5413458654134586,rag_context,10000,sensitivity-v2-s4b-b2,sensitivity-v2-s4b-b3-recovery-2,20260972,False,8192,16384
benchmark-sensitivity-v2-s4b-b2-ollama16384-rag8192-93231ef5df4d-dc59c5c2179c,benchmark-sensitivity-v2-s4b-b3-ollama16384-rag16384-2331152e2dc6-642539acfba8,0.0,0.0,0.0,0,1.0,paired_case_bootstrap_percentile,prompt_coverage,1000,1.0,rag_context,10000,sensitivity-v2-s4b-b2,sensitivity-v2-s4b-b3-recovery-2,20260973,False,8192,16384
benchmark-sensitivity-v2-s4b-b2-ollama16384-rag8192-93231ef5df4d-dc59c5c2179c,benchmark-sensitivity-v2-s4b-b3-ollama16384-rag16384-2331152e2dc6-642539acfba8,0.016,-0.01,0.003,0.3,1.0,paired_case_bootstrap_percentile,critical_fields_correct,1000,0.6951304869513049,rag_context,10000,sensitivity-v2-s4b-b2,sensitivity-v2-s4b-b3-recovery-2,20260974,False,8192,16384
benchmark-sensitivity-v2-s4b-b2-ollama16384-rag8192-93231ef5df4d-dc59c5c2179c,benchmark-sensitivity-v2-s4b-b3-ollama16384-rag16384-2331152e2dc6-642539acfba8,0.007,-0.022,-0.007,-0.7000000000000001,1.0,paired_case_bootstrap_percentile,critical_contradiction_free,1000,0.36396360363963604,rag_context,10000,sensitivity-v2-s4b-b2,sensitivity-v2-s4b-b3-recovery-2,20260975,False,8192,16384
benchmark-sensitivity-v2-s4b-b2-ollama16384-rag8192-93231ef5df4d-dc59c5c2179c,benchmark-sensitivity-v2-s4b-b3-ollama16384-rag16384-2331152e2dc6-642539acfba8,0.017,-0.009,0.004,0.4,1.0,paired_case_bootstrap_percentile,critical_omission_free,1000,0.5845415458454155,rag_context,10000,sensitivity-v2-s4b-b2,sensitivity-v2-s4b-b3-recovery-2,20260976,False,8192,16384
benchmark-sensitivity-v2-s4b-b2-ollama16384-rag8192-93231ef5df4d-dc59c5c2179c,benchmark-sensitivity-v2-s4b-b3-ollama16384-rag16384-2331152e2dc6-642539acfba8,0.003,-0.047,-0.022,-2.1999999999999997,1.0,paired_case_bootstrap_percentile,unsupported_addition_free,1000,0.08759124087591241,rag_context,10000,sensitivity-v2-s4b-b2,sensitivity-v2-s4b-b3-recovery-2,20260977,False,8192,16384
benchmark-sensitivity-v2-s4b-b2-ollama16384-rag8192-93231ef5df4d-dc59c5c2179c,benchmark-sensitivity-v2-s4b-b3-ollama16384-rag16384-2331152e2dc6-642539acfba8,0.0,0.0,0.0,0,1.0,paired_case_bootstrap_percentile,citation_traceability,1000,1.0,rag_context,10000,sensitivity-v2-s4b-b2,sensitivity-v2-s4b-b3-recovery-2,20260978,False,8192,16384
