artifact_id,available_cases,catalog_label,catalog_run,classification,config_hash,logical_run_id,output_hash,relative_path,source_path_remote
benchmark-sensitivity-s4b-a2-ollama16384-rag2048-smoke-20260818T1544-0e4f1845f898-18d2e0441561,20,4B Ollama 16k,C10,SMOKE,ee6932382f3ca8c7de3e4c9caa6371a155c698514ff1de94e90a8b1a76298d07,logical-ee6932382f3c,013b012148f6e79cb8dc59f1412a5ad3907b28866ffed3185d2fd4fc9fb12c80,archive/20260818-sensitivity-invalid-template/benchmark-sensitivity-s4b-a2-ollama16384-rag2048-smoke-20260818T1544,/home/root-labia/legal-AI-infraestructure/backups/benchmark-results/archive/20260818-sensitivity-invalid-template/benchmark-sensitivity-s4b-a2-ollama16384-rag2048-smoke-20260818T1544
benchmark-1000-06b-recall-smoke-before-context16384-20260817-b60607fe9208-babe23f04942,20,0.6B recall,C07,SMOKE,a222250e6be834ce9c0c9a95666e6ec74efb086499e1e6ee42617fd5a7783f34,logical-a222250e6be8,0e090b3ebedd5b00adc2c68beacf683cad2dca92cc3b5d1a54dbdf729c3feecd,archive/20260818-superseded-and-diagnostics/benchmark-1000-06b-recall-smoke-before-context16384-20260817,/home/root-labia/legal-AI-infraestructure/backups/benchmark-results/archive/20260818-superseded-and-diagnostics/benchmark-1000-06b-recall-smoke-before-context16384-20260817
benchmark-1000-4096-v1-768135d701b6-39cacd12e896,17,4B RAG 4k,C02,PARTIAL,30eddf760e02cdf7e3dba179e7f90456e2bd66bd418ffb4abbe93c894da1dbe8,logical-30eddf760e02,7c166f0fd9763b6eea2a39d5dcd2180b42b300920940225a8b37ed499db21e74,archive/20260818-superseded-and-diagnostics/benchmark-1000-4096-v1,/home/root-labia/legal-AI-infraestructure/backups/benchmark-results/archive/20260818-superseded-and-diagnostics/benchmark-1000-4096-v1
benchmark-1000-4096-v2-blocked-timeout30-b61a99d8893c-71c8d2550f45,1,4B RAG 4k,C02,PARTIAL,30eddf760e02cdf7e3dba179e7f90456e2bd66bd418ffb4abbe93c894da1dbe8,logical-30eddf760e02,9fac8e51a12793d1ac3eff585d0b38b20e9f353fecee157363470f959eacb62d,archive/20260818-superseded-and-diagnostics/benchmark-1000-4096-v2-blocked-timeout30,/home/root-labia/legal-AI-infraestructure/backups/benchmark-results/archive/20260818-superseded-and-diagnostics/benchmark-1000-4096-v2-blocked-timeout30
benchmark-1000-4096-v2-blocked-warmup-f8f538efebfd-221e4a375bb2,1,4B RAG 4k,C02,INVALID,30eddf760e02cdf7e3dba179e7f90456e2bd66bd418ffb4abbe93c894da1dbe8,logical-30eddf760e02,9fac8e51a12793d1ac3eff585d0b38b20e9f353fecee157363470f959eacb62d,archive/20260818-superseded-and-diagnostics/benchmark-1000-4096-v2-blocked-warmup,/home/root-labia/legal-AI-infraestructure/backups/benchmark-results/archive/20260818-superseded-and-diagnostics/benchmark-1000-4096-v2-blocked-warmup
errors-44136fa355b3-cdf6c13d7956,2,4B RAG 4k,C02,DIAGNOSTIC,30eddf760e02cdf7e3dba179e7f90456e2bd66bd418ffb4abbe93c894da1dbe8,logical-30eddf760e02,f3fcca69a4c1eaf81ef48471fe02f9a1a2259d89eadf31a5591df201d164ab75,archive/20260818-superseded-and-diagnostics/benchmark-1000-4096-v2-blocked-warmup/errors,/home/root-labia/legal-AI-infraestructure/backups/benchmark-results/archive/20260818-superseded-and-diagnostics/benchmark-1000-4096-v2-blocked-warmup/errors
benchmark-1000-4096-v2-diagnostic-4a9d74c771a7-3e8034e8c98b,1,4B RAG 4k,C02,DIAGNOSTIC,30eddf760e02cdf7e3dba179e7f90456e2bd66bd418ffb4abbe93c894da1dbe8,logical-30eddf760e02,f40018d114c4a95942faea871d1c72d2a5d560757970f2988255fc276066c715,archive/20260818-superseded-and-diagnostics/benchmark-1000-4096-v2-diagnostic,/home/root-labia/legal-AI-infraestructure/backups/benchmark-results/archive/20260818-superseded-and-diagnostics/benchmark-1000-4096-v2-diagnostic
benchmark-1000-4096-v2-invalid-residency-20260813T144835Z-b56aa8721327-26793ebc5ae6,71,4B RAG 4k,C02,PARTIAL,30eddf760e02cdf7e3dba179e7f90456e2bd66bd418ffb4abbe93c894da1dbe8,logical-30eddf760e02,d09af14e180d80645f3cdce074c04eaa717797513fc0083ef3415ac028d9b735,archive/20260818-superseded-and-diagnostics/benchmark-1000-4096-v2-invalid-residency-20260813T144835Z,/home/root-labia/legal-AI-infraestructure/backups/benchmark-results/archive/20260818-superseded-and-diagnostics/benchmark-1000-4096-v2-invalid-residency-20260813T144835Z
benchmark-1000-4096-v2-recovery-0001-79a92abc33ab-0fe1bccaf940,1,4B RAG 4k,C02,PARTIAL,30eddf760e02cdf7e3dba179e7f90456e2bd66bd418ffb4abbe93c894da1dbe8,logical-30eddf760e02,9fac8e51a12793d1ac3eff585d0b38b20e9f353fecee157363470f959eacb62d,archive/20260818-superseded-and-diagnostics/benchmark-1000-4096-v2-recovery-0001,/home/root-labia/legal-AI-infraestructure/backups/benchmark-results/archive/20260818-superseded-and-diagnostics/benchmark-1000-4096-v2-recovery-0001
benchmark-1000-4096-v2-residency-smoke-95bdb2fbf8b0-8cdb29b2a1a6,20,4B RAG 4k,C02,SMOKE,30eddf760e02cdf7e3dba179e7f90456e2bd66bd418ffb4abbe93c894da1dbe8,logical-30eddf760e02,bc2c990c8a549eabd1042437c90735bb9390be2ee7bc63d59314c7c52bc6d476,archive/20260818-superseded-and-diagnostics/benchmark-1000-4096-v2-residency-smoke,/home/root-labia/legal-AI-infraestructure/backups/benchmark-results/archive/20260818-superseded-and-diagnostics/benchmark-1000-4096-v2-residency-smoke
benchmark-1000-4096-v2-residency-smoke-failed-network-20260813T145411Z-53085c6124dc-d49ea740b1d9,20,4B RAG 4k,C02,SMOKE,30eddf760e02cdf7e3dba179e7f90456e2bd66bd418ffb4abbe93c894da1dbe8,logical-30eddf760e02,013b012148f6e79cb8dc59f1412a5ad3907b28866ffed3185d2fd4fc9fb12c80,archive/20260818-superseded-and-diagnostics/benchmark-1000-4096-v2-residency-smoke-failed-network-20260813T145411Z,/home/root-labia/legal-AI-infraestructure/backups/benchmark-results/archive/20260818-superseded-and-diagnostics/benchmark-1000-4096-v2-residency-smoke-failed-network-20260813T145411Z
benchmark-1000-4096-v2-residency-smoke-pre-explicit-keepalive-20260813T150222Z-15f8d37e3907-124a1a403264,6,4B RAG 4k,C02,PARTIAL,30eddf760e02cdf7e3dba179e7f90456e2bd66bd418ffb4abbe93c894da1dbe8,logical-30eddf760e02,de80a0dfe711aeca021a9d614e6fa076686c582b9d160f7e5bb412897cd1d41c,archive/20260818-superseded-and-diagnostics/benchmark-1000-4096-v2-residency-smoke-pre-explicit-keepalive-20260813T150222Z,/home/root-labia/legal-AI-infraestructure/backups/benchmark-results/archive/20260818-superseded-and-diagnostics/benchmark-1000-4096-v2-residency-smoke-pre-explicit-keepalive-20260813T150222Z
benchmark-1000-4096-v2-timeout-fix-smoke-cca617fb2a1d-1d3f1320442a,1,4B RAG 4k,C02,SMOKE,30eddf760e02cdf7e3dba179e7f90456e2bd66bd418ffb4abbe93c894da1dbe8,logical-30eddf760e02,640caee25891aba35a1e65b14207903f7fd4b9a74b4b6380c2816e3ab0c8798a,archive/20260818-superseded-and-diagnostics/benchmark-1000-4096-v2-timeout-fix-smoke,/home/root-labia/legal-AI-infraestructure/backups/benchmark-results/archive/20260818-superseded-and-diagnostics/benchmark-1000-4096-v2-timeout-fix-smoke
benchmark-1000-8192-v3-47ef8597afbd-b7f297e3b012,1000,4B base 8k/2k,C01,PARTIAL,edf13fd32835bd6139d85051c83273b89aca848031be76cbf6772f3487f0f973,logical-edf13fd32835,365dfd41ff9da3ad188c7524d7f6338a1e704e1ec2fdf0e2450dcc61363d7e4a,archive/20260818-superseded-and-diagnostics/benchmark-1000-8192-v3,/home/root-labia/legal-AI-infraestructure/backups/benchmark-results/archive/20260818-superseded-and-diagnostics/benchmark-1000-8192-v3
benchmark-resume-residency-smoke-20260814T121409Z-8f92dfbb3562-af50ce41ee78,3,4B RAG 4k,C02,SMOKE,30eddf760e02cdf7e3dba179e7f90456e2bd66bd418ffb4abbe93c894da1dbe8,logical-30eddf760e02,1cc256087d0107598c5c303f1350c271f1c58f063597d6581cb95cf7f8d866a8,archive/20260818-superseded-and-diagnostics/benchmark-resume-residency-smoke-20260814T121409Z,/home/root-labia/legal-AI-infraestructure/backups/benchmark-results/archive/20260818-superseded-and-diagnostics/benchmark-resume-residency-smoke-20260814T121409Z
debug-case7-0035-e2ef99fe765a-32e33f9833a1,1,4B RAG 4k,C02,DIAGNOSTIC,30eddf760e02cdf7e3dba179e7f90456e2bd66bd418ffb4abbe93c894da1dbe8,logical-30eddf760e02,e1c2fcfd66972f53e46916ff60c9ac72ad3d45060abf91ef4f61334970231b86,archive/20260818-superseded-and-diagnostics/debug-case7-0035,/home/root-labia/legal-AI-infraestructure/backups/benchmark-results/archive/20260818-superseded-and-diagnostics/debug-case7-0035
debug-case7-0035b-be5a94163adb-c8e77461bedd,1,4B RAG 4k,C02,DIAGNOSTIC,30eddf760e02cdf7e3dba179e7f90456e2bd66bd418ffb4abbe93c894da1dbe8,logical-30eddf760e02,e1c2fcfd66972f53e46916ff60c9ac72ad3d45060abf91ef4f61334970231b86,archive/20260818-superseded-and-diagnostics/debug-case7-0035b,/home/root-labia/legal-AI-infraestructure/backups/benchmark-results/archive/20260818-superseded-and-diagnostics/debug-case7-0035b
debug-case7-16384-0f236efedddf-67a5499c0f70,1,4B RAG 4k,C02,DIAGNOSTIC,30eddf760e02cdf7e3dba179e7f90456e2bd66bd418ffb4abbe93c894da1dbe8,logical-30eddf760e02,2f03d1eacb531093fa4c5e86805d068748a05a0953e5091ab2b7ad9a7399c289,archive/20260818-superseded-and-diagnostics/debug-case7-16384,/home/root-labia/legal-AI-infraestructure/backups/benchmark-results/archive/20260818-superseded-and-diagnostics/debug-case7-16384
debug-case7-ps-10e4eb760eee-dc52b8c7362f,1,4B RAG 4k,C02,DIAGNOSTIC,30eddf760e02cdf7e3dba179e7f90456e2bd66bd418ffb4abbe93c894da1dbe8,logical-30eddf760e02,47323ec22c849a237b84fae4c589d89c5b9cfdb2026b684ad3c2561e0a83eb69,archive/20260818-superseded-and-diagnostics/debug-case7-ps,/home/root-labia/legal-AI-infraestructure/backups/benchmark-results/archive/20260818-superseded-and-diagnostics/debug-case7-ps
benchmark-1000-06b-balanced-962aaad50d0d-aed0bd1be38a,1000,0.6B balanceado,C05,PRIMARY_FULL_1000,7ce896085f32bbb04957d3d116ef1a0fa66582bd47e5c9166658242e0410b5ee,logical-7ce896085f32,1364712d1b8421b77ac218476bb8ced4c1b712f4024378ee79c4401751fd74a0,benchmark-1000-06b-balanced,/home/root-labia/legal-AI-infraestructure/backups/benchmark-results/benchmark-1000-06b-balanced
benchmark-1000-06b-balanced-smoke-a63ea644e24c-4610d96bc797,20,0.6B balanceado,C05,SMOKE,7ce896085f32bbb04957d3d116ef1a0fa66582bd47e5c9166658242e0410b5ee,logical-7ce896085f32,9d73b687b3f8d3373d0e05982a738450899ff7dfc7409719241bf0a8f8503fda,benchmark-1000-06b-balanced-smoke,/home/root-labia/legal-AI-infraestructure/backups/benchmark-results/benchmark-1000-06b-balanced-smoke
benchmark-1000-06b-compact-1e3a252f36ac-384fb1da846f,103,0.6B compacto parcial,C09,PARTIAL,f6a8e94f8680c9b8063a4c2d76587e80f93e891a0ba494c3eed0cbb88ef22013,logical-f6a8e94f8680,9c7f585602a8fa157e1d2c724c6b21746ceac56af831ec39f476dae5fbdd3d74,benchmark-1000-06b-compact,/home/root-labia/legal-AI-infraestructure/backups/benchmark-results/benchmark-1000-06b-compact
benchmark-1000-06b-compact-smoke-16f55048e5fb-f1e673109c43,20,0.6B compacto parcial,C09,SMOKE,f6a8e94f8680c9b8063a4c2d76587e80f93e891a0ba494c3eed0cbb88ef22013,logical-f6a8e94f8680,eef3512f23f6fd7892f8fbdc787968263129a8fd0aed327093c84aceabf9ca3e,benchmark-1000-06b-compact-smoke,/home/root-labia/legal-AI-infraestructure/backups/benchmark-results/benchmark-1000-06b-compact-smoke
benchmark-1000-06b-diverse-64380836fa21-0cb8cd433164,1000,0.6B diverso,C08,PRIMARY_FULL_1000,3bf2dddb3ce10d93570349911f28a851cca7b1391d975496b4f6ad52fd06cc5e,logical-3bf2dddb3ce1,0eb547f8b494b83e6aea7ce24d8ec0988065457315f1ed9abe12de2acdc817ba,benchmark-1000-06b-diverse,/home/root-labia/legal-AI-infraestructure/backups/benchmark-results/benchmark-1000-06b-diverse
attempt-1-44136fa355b3-0dba13bc1496,2,0.6B diverso,C08,DIAGNOSTIC,3bf2dddb3ce10d93570349911f28a851cca7b1391d975496b4f6ad52fd06cc5e,logical-3bf2dddb3ce1,b65bf99beb16253074cde10e976e89f36255a25065efdfb79fb5c1765baa6145,benchmark-1000-06b-diverse/failed-attempts/attempt-1,/home/root-labia/legal-AI-infraestructure/backups/benchmark-results/benchmark-1000-06b-diverse/failed-attempts/attempt-1
attempt-2-44136fa355b3-5084b1dd072a,2,0.6B diverso,C08,DIAGNOSTIC,3bf2dddb3ce10d93570349911f28a851cca7b1391d975496b4f6ad52fd06cc5e,logical-3bf2dddb3ce1,b65bf99beb16253074cde10e976e89f36255a25065efdfb79fb5c1765baa6145,benchmark-1000-06b-diverse/failed-attempts/attempt-2,/home/root-labia/legal-AI-infraestructure/backups/benchmark-results/benchmark-1000-06b-diverse/failed-attempts/attempt-2
benchmark-1000-06b-diverse-smoke-1bb06c2f90cb-76c801b23f99,20,0.6B diverso,C08,SMOKE,3bf2dddb3ce10d93570349911f28a851cca7b1391d975496b4f6ad52fd06cc5e,logical-3bf2dddb3ce1,33d1d975088b283969ec51febf8b3a5eaa889d2f6c83a35046f6282b9546ee2e,benchmark-1000-06b-diverse-smoke,/home/root-labia/legal-AI-infraestructure/backups/benchmark-results/benchmark-1000-06b-diverse-smoke
attempt-0-44136fa355b3-a16da23d45e1,14,0.6B diverso,C08,DIAGNOSTIC,3bf2dddb3ce10d93570349911f28a851cca7b1391d975496b4f6ad52fd06cc5e,logical-3bf2dddb3ce1,573d65fb1d434c0fade0494035f185f9b0c3301b19b0720f895f9a93c1939f4a,benchmark-1000-06b-diverse-smoke/failed-attempts/attempt-0,/home/root-labia/legal-AI-infraestructure/backups/benchmark-results/benchmark-1000-06b-diverse-smoke/failed-attempts/attempt-0
benchmark-1000-06b-precision-de0cca5313b4-1d858acb1315,1000,0.6B precision,C06,PRIMARY_FULL_1000,acb3f86f42ab9fbcf34f2de1763a8b8d179daa1b56104f16ed429add8f8ddf67,logical-acb3f86f42ab,74391d72baf050e186e5012af1709d235fb23a13be40cf1db81beb06bb3ecdb2,benchmark-1000-06b-precision,/home/root-labia/legal-AI-infraestructure/backups/benchmark-results/benchmark-1000-06b-precision
attempt-1-44136fa355b3-385e43674a7b,1,0.6B precision,C06,DIAGNOSTIC,acb3f86f42ab9fbcf34f2de1763a8b8d179daa1b56104f16ed429add8f8ddf67,logical-acb3f86f42ab,798b6e2ad9c5c136c5187426654578e86137229110194ba4ddfe27be5261b5a8,benchmark-1000-06b-precision/failed-attempts/attempt-1,/home/root-labia/legal-AI-infraestructure/backups/benchmark-results/benchmark-1000-06b-precision/failed-attempts/attempt-1
benchmark-1000-06b-precision-smoke-7d6390b08392-f2e1451abaa0,20,0.6B precision,C06,SMOKE,acb3f86f42ab9fbcf34f2de1763a8b8d179daa1b56104f16ed429add8f8ddf67,logical-acb3f86f42ab,75171002131b98252c243acb1e05bfe59921d6c2ec8124035fed1348e16a9af9,benchmark-1000-06b-precision-smoke,/home/root-labia/legal-AI-infraestructure/backups/benchmark-results/benchmark-1000-06b-precision-smoke
benchmark-1000-06b-recall-d3b4048e7d23-593a0ac2b3bc,1000,0.6B recall,C07,PRIMARY_FULL_1000,a222250e6be834ce9c0c9a95666e6ec74efb086499e1e6ee42617fd5a7783f34,logical-a222250e6be8,922e613ace8dce1aa19f0afcc54150ae48773d0d712209fe61e14ad81d2a2d26,benchmark-1000-06b-recall,/home/root-labia/legal-AI-infraestructure/backups/benchmark-results/benchmark-1000-06b-recall
attempt-0-44136fa355b3-0f214769291f,33,0.6B recall,C07,DIAGNOSTIC,a222250e6be834ce9c0c9a95666e6ec74efb086499e1e6ee42617fd5a7783f34,logical-a222250e6be8,03669aab68bafad850efe9e6b98512a3ea6a1c8c69027f30ddc2699a0aeb273d,benchmark-1000-06b-recall/failed-attempts/attempt-0,/home/root-labia/legal-AI-infraestructure/backups/benchmark-results/benchmark-1000-06b-recall/failed-attempts/attempt-0
attempt-1-44136fa355b3-c2b24fce13b0,1,0.6B recall,C07,DIAGNOSTIC,a222250e6be834ce9c0c9a95666e6ec74efb086499e1e6ee42617fd5a7783f34,logical-a222250e6be8,209ad1461aabff07c1cc947912cdb9782755e4140493c115780b845a9d3945ef,benchmark-1000-06b-recall/failed-attempts/attempt-1,/home/root-labia/legal-AI-infraestructure/backups/benchmark-results/benchmark-1000-06b-recall/failed-attempts/attempt-1
attempt-2-44136fa355b3-e9623a49d55e,1,0.6B recall,C07,DIAGNOSTIC,a222250e6be834ce9c0c9a95666e6ec74efb086499e1e6ee42617fd5a7783f34,logical-a222250e6be8,209ad1461aabff07c1cc947912cdb9782755e4140493c115780b845a9d3945ef,benchmark-1000-06b-recall/failed-attempts/attempt-2,/home/root-labia/legal-AI-infraestructure/backups/benchmark-results/benchmark-1000-06b-recall/failed-attempts/attempt-2
benchmark-1000-06b-recall-smoke-916f0a1189a6-c26ba94c13d1,20,0.6B recall,C07,SMOKE,a222250e6be834ce9c0c9a95666e6ec74efb086499e1e6ee42617fd5a7783f34,logical-a222250e6be8,0e090b3ebedd5b00adc2c68beacf683cad2dca92cc3b5d1a54dbdf729c3feecd,benchmark-1000-06b-recall-smoke,/home/root-labia/legal-AI-infraestructure/backups/benchmark-results/benchmark-1000-06b-recall-smoke
benchmark-1000-4096-v2-e65484fd3f46-ba51c25e8985,1000,4B RAG 4k,C02,PRIMARY_FULL_1000,30eddf760e02cdf7e3dba179e7f90456e2bd66bd418ffb4abbe93c894da1dbe8,logical-30eddf760e02,0b660cc1fcb986ad1a022865f4f0f1184526a6c8ce9f166d663f2f3bc46cd7fc,benchmark-1000-4096-v2,/home/root-labia/legal-AI-infraestructure/backups/benchmark-results/benchmark-1000-4096-v2
pre-resume-20260814T121500Z-44136fa355b3-596d824243ed,32,4B RAG 4k,C02,DIAGNOSTIC,30eddf760e02cdf7e3dba179e7f90456e2bd66bd418ffb4abbe93c894da1dbe8,logical-30eddf760e02,10531350ecb22ae90dc72d81af853fd9df4da8f4169dd28c8e4784d6507de247,benchmark-1000-4096-v2/failed-attempts/pre-resume-20260814T121500Z,/home/root-labia/legal-AI-infraestructure/backups/benchmark-results/benchmark-1000-4096-v2/failed-attempts/pre-resume-20260814T121500Z
benchmark-1000-4096-v2-smoke-88d8f89c5bcd-b7672f99b939,20,4B RAG 4k,C02,SMOKE,30eddf760e02cdf7e3dba179e7f90456e2bd66bd418ffb4abbe93c894da1dbe8,logical-30eddf760e02,39ff3895c8f9941951ffcd8c16088fc16e51b2d106dd8a06b4872c911be25053,benchmark-1000-4096-v2-smoke,/home/root-labia/legal-AI-infraestructure/backups/benchmark-results/benchmark-1000-4096-v2-smoke
benchmark-1000-8192-v4-c8aad0ffe617-efd73b9b4711,1000,4B RAG 8k,C03,PRIMARY_FULL_1000,612693e89257efbea556329e409e00795052eda6d9d0ad9499ad7c050057cc23,logical-612693e89257,24a97da2e291c9bf03e37349573bad4fb97d274a3217189535d1528b3fc97fcc,benchmark-1000-8192-v4,/home/root-labia/legal-AI-infraestructure/backups/benchmark-results/benchmark-1000-8192-v4
benchmark-1000-8192-v4-smoke-e58efeff9505-e0cd90e955b3,20,4B RAG 8k,C03,SMOKE,612693e89257efbea556329e409e00795052eda6d9d0ad9499ad7c050057cc23,logical-612693e89257,bffc3c4cae0423017e8c806fa1c56de2ef8b0fded8834b06538eda12b2b45bfc,benchmark-1000-8192-v4-smoke,/home/root-labia/legal-AI-infraestructure/backups/benchmark-results/benchmark-1000-8192-v4-smoke
benchmark-1000-precision-v1-7562651b3b8a-7b081dcf1477,1000,4B precision,C04,PRIMARY_FULL_1000,7fd9b6be7b2fa68819e4e9847d8ee724092b1b0446a3af0c5de56e53a433482c,logical-7fd9b6be7b2f,bbfd982cacd94f576ecb1c9a75dbae69c33e46a18ee242d79688ba9a978295d9,benchmark-1000-precision-v1,/home/root-labia/legal-AI-infraestructure/backups/benchmark-results/benchmark-1000-precision-v1
attempt-1-44136fa355b3-f9eac73cdd7b,17,4B precision,C04,DIAGNOSTIC,7fd9b6be7b2fa68819e4e9847d8ee724092b1b0446a3af0c5de56e53a433482c,logical-7fd9b6be7b2f,bd0708e83765af797aba633eefdd2401a99d9c16748c6d7aa333641bddc21217,benchmark-1000-precision-v1/failed-attempts/attempt-1,/home/root-labia/legal-AI-infraestructure/backups/benchmark-results/benchmark-1000-precision-v1/failed-attempts/attempt-1
attempt-2-44136fa355b3-eec263a996f7,16,4B precision,C04,DIAGNOSTIC,7fd9b6be7b2fa68819e4e9847d8ee724092b1b0446a3af0c5de56e53a433482c,logical-7fd9b6be7b2f,e1ec81f8f5a825c1b976f12057210b62648d6905f714c02681254aec5a72ce61,benchmark-1000-precision-v1/failed-attempts/attempt-2,/home/root-labia/legal-AI-infraestructure/backups/benchmark-results/benchmark-1000-precision-v1/failed-attempts/attempt-2
benchmark-1000-precision-v1-smoke-f5700d79f64e-0702cb91ae64,20,4B precision,C04,SMOKE,7fd9b6be7b2fa68819e4e9847d8ee724092b1b0446a3af0c5de56e53a433482c,logical-7fd9b6be7b2f,3452bc3f7db82a2b3e8de89801bc37e5cf4a08ac0a9aa99cdcc24bf48693bbdd,benchmark-1000-precision-v1-smoke,/home/root-labia/legal-AI-infraestructure/backups/benchmark-results/benchmark-1000-precision-v1-smoke
benchmark-sensitivity-s4b-a2-ollama16384-rag2048-fc50c3f36266-6e1f7934aa89,1000,4B Ollama 16k,C10,PRIMARY_FULL_1000,ee6932382f3ca8c7de3e4c9caa6371a155c698514ff1de94e90a8b1a76298d07,logical-ee6932382f3c,fdedc5bd26b7f50aeeeb5539c18a7041bdf06912fc183be5962c04daf1cf2180,benchmark-sensitivity-s4b-a2-ollama16384-rag2048,/home/root-labia/legal-AI-infraestructure/backups/benchmark-results/benchmark-sensitivity-s4b-a2-ollama16384-rag2048
attempt-1-44136fa355b3-241550987cdf,3,4B Ollama 16k,C10,DIAGNOSTIC,ee6932382f3ca8c7de3e4c9caa6371a155c698514ff1de94e90a8b1a76298d07,logical-ee6932382f3c,9e96659e98fe44e47a1239bc4133d8b05a334523c29eb7c53024132fb8a0faeb,benchmark-sensitivity-s4b-a2-ollama16384-rag2048/failed-attempts/attempt-1,/home/root-labia/legal-AI-infraestructure/backups/benchmark-results/benchmark-sensitivity-s4b-a2-ollama16384-rag2048/failed-attempts/attempt-1
benchmark-sensitivity-s4b-a2-ollama16384-rag2048-smoke-992df62388ee-535ee806d01c,20,4B Ollama 16k,C10,SMOKE,ee6932382f3ca8c7de3e4c9caa6371a155c698514ff1de94e90a8b1a76298d07,logical-ee6932382f3c,65cc06413796babd9af2e965d55a0082c2a78becfccc45512bf38fd975c5bd81,benchmark-sensitivity-s4b-a2-ollama16384-rag2048-smoke,/home/root-labia/legal-AI-infraestructure/backups/benchmark-results/benchmark-sensitivity-s4b-a2-ollama16384-rag2048-smoke
benchmark-sensitivity-s4b-a3-ollama32768-rag2048-718974e70c61-cc3f3bc8543f,1000,4B Ollama 32k,C11,PRIMARY_FULL_1000,a000db175227b76b84ada383d5bc825c2699cc39492749c401abf1cc70808c77,logical-a000db175227,4821f15d6fa05dc62905415c5d0c13a8ca855a1ab8f7dff49c3b9da54c18f8b3,benchmark-sensitivity-s4b-a3-ollama32768-rag2048,/home/root-labia/legal-AI-infraestructure/backups/benchmark-results/benchmark-sensitivity-s4b-a3-ollama32768-rag2048
attempt-2-44136fa355b3-5261aed3d62e,240,4B Ollama 32k,C11,DIAGNOSTIC,a000db175227b76b84ada383d5bc825c2699cc39492749c401abf1cc70808c77,logical-a000db175227,07e3e0fabef57546d6e62db713c23a7bfaf4d4ca858716a8775a197980e36160,benchmark-sensitivity-s4b-a3-ollama32768-rag2048/failed-attempts/attempt-2,/home/root-labia/legal-AI-infraestructure/backups/benchmark-results/benchmark-sensitivity-s4b-a3-ollama32768-rag2048/failed-attempts/attempt-2
benchmark-sensitivity-s4b-a3-ollama32768-rag2048-smoke-1c37ed8e121a-1ba71b2e4714,20,4B Ollama 32k,C11,SMOKE,a000db175227b76b84ada383d5bc825c2699cc39492749c401abf1cc70808c77,logical-a000db175227,e22b01057b8696f59ec5baec4adb9b50a2a127d89155d6441c0ad929efa4370d,benchmark-sensitivity-s4b-a3-ollama32768-rag2048-smoke,/home/root-labia/legal-AI-infraestructure/backups/benchmark-results/benchmark-sensitivity-s4b-a3-ollama32768-rag2048-smoke
benchmark-sensitivity-v2-s06b-a2-ollama16384-rag2048-0ac2d6a81a27-ef3fd6c0a559,1000,0.6B Ollama 16k,C12,PRIMARY_FULL_1000,879abd4533d9b0d07cf69a913c703cad4efe623dc6ecaeb99df9cef8b7a7581d,logical-879abd4533d9,54b43ac776b2510161bcf5c24ae980ba68db8ebfcf1d4e3ee380bab387b55fcb,benchmark-sensitivity-v2-s06b-a2-ollama16384-rag2048,/home/root-labia/legal-AI-infraestructure/backups/benchmark-results/benchmark-sensitivity-v2-s06b-a2-ollama16384-rag2048
attempt-1-44136fa355b3-789d164ee8b0,3,0.6B Ollama 16k,C12,DIAGNOSTIC,879abd4533d9b0d07cf69a913c703cad4efe623dc6ecaeb99df9cef8b7a7581d,logical-879abd4533d9,4f62252c67660e548b4b00e01a94940257722ee15fd49291c5668b12ace42708,benchmark-sensitivity-v2-s06b-a2-ollama16384-rag2048/failed-attempts/attempt-1,/home/root-labia/legal-AI-infraestructure/backups/benchmark-results/benchmark-sensitivity-v2-s06b-a2-ollama16384-rag2048/failed-attempts/attempt-1
attempt-2-44136fa355b3-acc2885f4fba,2,0.6B Ollama 16k,C12,DIAGNOSTIC,879abd4533d9b0d07cf69a913c703cad4efe623dc6ecaeb99df9cef8b7a7581d,logical-879abd4533d9,5e1da0ce0409bab9b4222f540cdac1930d3fe41d9e2fd84a84a88da2be149ca2,benchmark-sensitivity-v2-s06b-a2-ollama16384-rag2048/failed-attempts/attempt-2,/home/root-labia/legal-AI-infraestructure/backups/benchmark-results/benchmark-sensitivity-v2-s06b-a2-ollama16384-rag2048/failed-attempts/attempt-2
benchmark-sensitivity-v2-s06b-a2-ollama16384-rag2048-smoke-55f79a08a51b-a9b940156a02,20,0.6B Ollama 16k,C12,SMOKE,879abd4533d9b0d07cf69a913c703cad4efe623dc6ecaeb99df9cef8b7a7581d,logical-879abd4533d9,4505d344d3351d43f6a80b95dd782d43abca4c2950ee30b51698732858575ed6,benchmark-sensitivity-v2-s06b-a2-ollama16384-rag2048-smoke,/home/root-labia/legal-AI-infraestructure/backups/benchmark-results/benchmark-sensitivity-v2-s06b-a2-ollama16384-rag2048-smoke
benchmark-sensitivity-v2-s06b-a3-ollama32768-rag2048-9385e05af106-ec53ca58233c,1000,0.6B Ollama 32k,C13,PRIMARY_FULL_1000,a86b9fef45fab9019b4933934c2b5c068fe6c1d18d87de8304992dcbd081ab3d,logical-a86b9fef45fa,9277c465f9950f24f9fa3b30414d7858e804549326150bca3e7ec411d83c0469,benchmark-sensitivity-v2-s06b-a3-ollama32768-rag2048,/home/root-labia/legal-AI-infraestructure/backups/benchmark-results/benchmark-sensitivity-v2-s06b-a3-ollama32768-rag2048
attempt-1-44136fa355b3-4b0da33c0d45,6,0.6B Ollama 32k,C13,DIAGNOSTIC,a86b9fef45fab9019b4933934c2b5c068fe6c1d18d87de8304992dcbd081ab3d,logical-a86b9fef45fa,4fb3286bd07b2a8ea08d53782977f7772577aebb67b3efeff91698ebb3a724bc,benchmark-sensitivity-v2-s06b-a3-ollama32768-rag2048/failed-attempts/attempt-1,/home/root-labia/legal-AI-infraestructure/backups/benchmark-results/benchmark-sensitivity-v2-s06b-a3-ollama32768-rag2048/failed-attempts/attempt-1
attempt-2-44136fa355b3-cd13afb70685,1,0.6B Ollama 32k,C13,DIAGNOSTIC,a86b9fef45fab9019b4933934c2b5c068fe6c1d18d87de8304992dcbd081ab3d,logical-a86b9fef45fa,209ad1461aabff07c1cc947912cdb9782755e4140493c115780b845a9d3945ef,benchmark-sensitivity-v2-s06b-a3-ollama32768-rag2048/failed-attempts/attempt-2,/home/root-labia/legal-AI-infraestructure/backups/benchmark-results/benchmark-sensitivity-v2-s06b-a3-ollama32768-rag2048/failed-attempts/attempt-2
benchmark-sensitivity-v2-s06b-a3-ollama32768-rag2048-smoke-164ea15f70f0-2e476fc68481,20,0.6B Ollama 32k,C13,SMOKE,a86b9fef45fab9019b4933934c2b5c068fe6c1d18d87de8304992dcbd081ab3d,logical-a86b9fef45fa,e48e88cbe767dfb4838cd06ac8a336694a46877f6d848c0a93704a5be0d59f24,benchmark-sensitivity-v2-s06b-a3-ollama32768-rag2048-smoke,/home/root-labia/legal-AI-infraestructure/backups/benchmark-results/benchmark-sensitivity-v2-s06b-a3-ollama32768-rag2048-smoke
benchmark-sensitivity-v2-s06b-b1-rag4096-ollama32768-b031df3fd07a-d40c557f3c33,1000,0.6B RAG 4k fijo 32k,C17,PRIMARY_FULL_1000,da3f812eea2ca139d9208d637f531d885b3735aa2be9f9a2563c1e0eb5642882,logical-da3f812eea2c,94e00d6de0c19c4be5d0bfe96dd88b5c5b90441b2cdc3b9cdcc02d0ea2364ebc,benchmark-sensitivity-v2-s06b-b1-rag4096-ollama32768,/home/root-labia/legal-AI-infraestructure/backups/benchmark-results/benchmark-sensitivity-v2-s06b-b1-rag4096-ollama32768
attempt-1-44136fa355b3-7149a4b703ea,6,0.6B RAG 4k fijo 32k,C17,DIAGNOSTIC,da3f812eea2ca139d9208d637f531d885b3735aa2be9f9a2563c1e0eb5642882,logical-da3f812eea2c,f0e3596ecce5359bb08834b17689165843ce30571fc5f742d04e8312bc720398,benchmark-sensitivity-v2-s06b-b1-rag4096-ollama32768/failed-attempts/attempt-1,/home/root-labia/legal-AI-infraestructure/backups/benchmark-results/benchmark-sensitivity-v2-s06b-b1-rag4096-ollama32768/failed-attempts/attempt-1
benchmark-sensitivity-v2-s06b-b1-rag4096-ollama32768-smoke-5c2f8723962b-d816f4830926,20,0.6B RAG 4k fijo 32k,C17,SMOKE,da3f812eea2ca139d9208d637f531d885b3735aa2be9f9a2563c1e0eb5642882,logical-da3f812eea2c,e210db594ecf71cea74152f92caf70245d9960aae1cf91a996cfc17863a5e62a,benchmark-sensitivity-v2-s06b-b1-rag4096-ollama32768-smoke,/home/root-labia/legal-AI-infraestructure/backups/benchmark-results/benchmark-sensitivity-v2-s06b-b1-rag4096-ollama32768-smoke
benchmark-sensitivity-v2-s06b-b2-rag8192-ollama32768-4f51d50c6363-5417a0580071,1000,0.6B RAG 8k fijo 32k,C18,PRIMARY_FULL_1000,482db16b9cb3a7957d8b26c1b0659482936374cd0dda8de0c039e385731dc1a1,logical-482db16b9cb3,77737f4cde8c62d89ebb0b4edb5c71121409e812b56d7df23ca5b4b0a593dab0,benchmark-sensitivity-v2-s06b-b2-rag8192-ollama32768,/home/root-labia/legal-AI-infraestructure/backups/benchmark-results/benchmark-sensitivity-v2-s06b-b2-rag8192-ollama32768
attempt-1-44136fa355b3-b6dffa003790,3,0.6B RAG 8k fijo 32k,C18,DIAGNOSTIC,482db16b9cb3a7957d8b26c1b0659482936374cd0dda8de0c039e385731dc1a1,logical-482db16b9cb3,50f499081cdb5ee416ffce24ff58047eb13a510abb36a6c59207612581684bfe,benchmark-sensitivity-v2-s06b-b2-rag8192-ollama32768/failed-attempts/attempt-1,/home/root-labia/legal-AI-infraestructure/backups/benchmark-results/benchmark-sensitivity-v2-s06b-b2-rag8192-ollama32768/failed-attempts/attempt-1
attempt-2-44136fa355b3-d79dca1d3f3a,1,0.6B RAG 8k fijo 32k,C18,DIAGNOSTIC,482db16b9cb3a7957d8b26c1b0659482936374cd0dda8de0c039e385731dc1a1,logical-482db16b9cb3,e97460dca1d85f5ec56db89e8cd7af1f58199c55ac6e4b6cbcf4fbaf561b952c,benchmark-sensitivity-v2-s06b-b2-rag8192-ollama32768/failed-attempts/attempt-2,/home/root-labia/legal-AI-infraestructure/backups/benchmark-results/benchmark-sensitivity-v2-s06b-b2-rag8192-ollama32768/failed-attempts/attempt-2
benchmark-sensitivity-v2-s06b-b2-rag8192-ollama32768-smoke-252897732cb0-617b1dd5a998,20,0.6B RAG 8k fijo 32k,C18,SMOKE,482db16b9cb3a7957d8b26c1b0659482936374cd0dda8de0c039e385731dc1a1,logical-482db16b9cb3,94d04cdc10b719bd6997f7efc700880d3c43f3faab765b02b264f71f7c5f8a46,benchmark-sensitivity-v2-s06b-b2-rag8192-ollama32768-smoke,/home/root-labia/legal-AI-infraestructure/backups/benchmark-results/benchmark-sensitivity-v2-s06b-b2-rag8192-ollama32768-smoke
benchmark-sensitivity-v2-s06b-b3-rag16384-ollama32768-bd469f5371b2-8629fc1702c9,1000,0.6B RAG 16k fijo 32k,C19,PRIMARY_FULL_1000,dd4a8f47032a345d96575bf854fbcb9ce57f9524e43c1d7a79f19179182d2702,logical-dd4a8f47032a,14db795ca277d3759736216988270cc842d80741db831d9edf7048ac7186336c,benchmark-sensitivity-v2-s06b-b3-rag16384-ollama32768,/home/root-labia/legal-AI-infraestructure/backups/benchmark-results/benchmark-sensitivity-v2-s06b-b3-rag16384-ollama32768
attempt-1-44136fa355b3-c15a6f252f56,5,0.6B RAG 16k fijo 32k,C19,DIAGNOSTIC,dd4a8f47032a345d96575bf854fbcb9ce57f9524e43c1d7a79f19179182d2702,logical-dd4a8f47032a,54ab9d4065eb5b6211536a5f1c094e15da6e1d89c0320dc033b24d2f3bb47964,benchmark-sensitivity-v2-s06b-b3-rag16384-ollama32768/failed-attempts/attempt-1,/home/root-labia/legal-AI-infraestructure/backups/benchmark-results/benchmark-sensitivity-v2-s06b-b3-rag16384-ollama32768/failed-attempts/attempt-1
attempt-2-44136fa355b3-f7872e46d2e8,1,0.6B RAG 16k fijo 32k,C19,DIAGNOSTIC,dd4a8f47032a345d96575bf854fbcb9ce57f9524e43c1d7a79f19179182d2702,logical-dd4a8f47032a,209ad1461aabff07c1cc947912cdb9782755e4140493c115780b845a9d3945ef,benchmark-sensitivity-v2-s06b-b3-rag16384-ollama32768/failed-attempts/attempt-2,/home/root-labia/legal-AI-infraestructure/backups/benchmark-results/benchmark-sensitivity-v2-s06b-b3-rag16384-ollama32768/failed-attempts/attempt-2
benchmark-sensitivity-v2-s06b-b3-rag16384-ollama32768-smoke-88107898278a-bd5684ffb7e7,20,0.6B RAG 16k fijo 32k,C19,SMOKE,dd4a8f47032a345d96575bf854fbcb9ce57f9524e43c1d7a79f19179182d2702,logical-dd4a8f47032a,006d65121677e0f659d70bc1ac6f9e7c023c5115b6a384caea0ffa4186737ce6,benchmark-sensitivity-v2-s06b-b3-rag16384-ollama32768-smoke,/home/root-labia/legal-AI-infraestructure/backups/benchmark-results/benchmark-sensitivity-v2-s06b-b3-rag16384-ollama32768-smoke
benchmark-sensitivity-v2-s4b-b1-ollama16384-rag4096-ecd53f66b322-7aac9477532d,1000,4B RAG 4k fijo 16k,C14,PRIMARY_FULL_1000,30eddf760e02cdf7e3dba179e7f90456e2bd66bd418ffb4abbe93c894da1dbe8,logical-30eddf760e02,01cf619e19017320a9eb180bd2820c2d785a9b3951b85eecea2cfff7a138ec97,benchmark-sensitivity-v2-s4b-b1-ollama16384-rag4096,/home/root-labia/legal-AI-infraestructure/backups/benchmark-results/benchmark-sensitivity-v2-s4b-b1-ollama16384-rag4096
attempt-1-44136fa355b3-1de9ac0bdd54,1,4B RAG 4k fijo 16k,C14,DIAGNOSTIC,30eddf760e02cdf7e3dba179e7f90456e2bd66bd418ffb4abbe93c894da1dbe8,logical-30eddf760e02,6b412534890cba38daf2415d926672ab8d5a8bb58b0f987fd553f6759d655e9f,benchmark-sensitivity-v2-s4b-b1-ollama16384-rag4096/failed-attempts/attempt-1,/home/root-labia/legal-AI-infraestructure/backups/benchmark-results/benchmark-sensitivity-v2-s4b-b1-ollama16384-rag4096/failed-attempts/attempt-1
attempt-2-44136fa355b3-12c3ec070275,1,4B RAG 4k fijo 16k,C14,DIAGNOSTIC,30eddf760e02cdf7e3dba179e7f90456e2bd66bd418ffb4abbe93c894da1dbe8,logical-30eddf760e02,6b412534890cba38daf2415d926672ab8d5a8bb58b0f987fd553f6759d655e9f,benchmark-sensitivity-v2-s4b-b1-ollama16384-rag4096/failed-attempts/attempt-2,/home/root-labia/legal-AI-infraestructure/backups/benchmark-results/benchmark-sensitivity-v2-s4b-b1-ollama16384-rag4096/failed-attempts/attempt-2
benchmark-sensitivity-v2-s4b-b1-ollama16384-rag4096-smoke-deb574cecb14-394c38a0ea8c,20,4B RAG 4k fijo 16k,C14,SMOKE,30eddf760e02cdf7e3dba179e7f90456e2bd66bd418ffb4abbe93c894da1dbe8,logical-30eddf760e02,e57ddf9a237b121399c46931d287f87d4df411e3c677a0d6cf1f5cf43a179a3d,benchmark-sensitivity-v2-s4b-b1-ollama16384-rag4096-smoke,/home/root-labia/legal-AI-infraestructure/backups/benchmark-results/benchmark-sensitivity-v2-s4b-b1-ollama16384-rag4096-smoke
benchmark-sensitivity-v2-s4b-b2-ollama16384-rag8192-93231ef5df4d-dc59c5c2179c,1000,4B RAG 8k fijo 16k,C15,PRIMARY_FULL_1000,2cb4dcd5bbe11f45df21e07bd9baf934b025b2eefc79fce3a0fe6681157536d8,logical-2cb4dcd5bbe1,1c1c2ea142f560533b7c125374520a35467f228d1839c3d28fc992510985733a,benchmark-sensitivity-v2-s4b-b2-ollama16384-rag8192,/home/root-labia/legal-AI-infraestructure/backups/benchmark-results/benchmark-sensitivity-v2-s4b-b2-ollama16384-rag8192
benchmark-sensitivity-v2-s4b-b2-ollama16384-rag8192-smoke-9f4cfca0050d-aa4a450892bf,20,4B RAG 8k fijo 16k,C15,SMOKE,2cb4dcd5bbe11f45df21e07bd9baf934b025b2eefc79fce3a0fe6681157536d8,logical-2cb4dcd5bbe1,d270dc4663e8aec5c4c705de1d6b4260a73a8565995f880349eb1af0e63128d2,benchmark-sensitivity-v2-s4b-b2-ollama16384-rag8192-smoke,/home/root-labia/legal-AI-infraestructure/backups/benchmark-results/benchmark-sensitivity-v2-s4b-b2-ollama16384-rag8192-smoke
benchmark-sensitivity-v2-s4b-b3-ollama16384-rag16384-2331152e2dc6-642539acfba8,1000,4B RAG 16k fijo 16k,C16,PRIMARY_FULL_1000,dbdd606368eeb5a57a47b2b72ed988ad18ae778d67ce9de530c281942d8108b4,logical-dbdd606368ee,a133a12e0aed69b6e3017358b36a1b18662389494cf7c6b6145b18509b46b461,benchmark-sensitivity-v2-s4b-b3-ollama16384-rag16384,/home/root-labia/legal-AI-infraestructure/backups/benchmark-results/benchmark-sensitivity-v2-s4b-b3-ollama16384-rag16384
attempt-1-44136fa355b3-87db193cc7f2,1,4B RAG 16k fijo 16k,C16,DIAGNOSTIC,dbdd606368eeb5a57a47b2b72ed988ad18ae778d67ce9de530c281942d8108b4,logical-dbdd606368ee,c470348a7040c3bef2caba19505985d6f7d0d6d349d2500e5b22303380215029,benchmark-sensitivity-v2-s4b-b3-ollama16384-rag16384/failed-attempts/attempt-1,/home/root-labia/legal-AI-infraestructure/backups/benchmark-results/benchmark-sensitivity-v2-s4b-b3-ollama16384-rag16384/failed-attempts/attempt-1
attempt-2-44136fa355b3-772b87b5717b,1,4B RAG 16k fijo 16k,C16,DIAGNOSTIC,dbdd606368eeb5a57a47b2b72ed988ad18ae778d67ce9de530c281942d8108b4,logical-dbdd606368ee,c470348a7040c3bef2caba19505985d6f7d0d6d349d2500e5b22303380215029,benchmark-sensitivity-v2-s4b-b3-ollama16384-rag16384/failed-attempts/attempt-2,/home/root-labia/legal-AI-infraestructure/backups/benchmark-results/benchmark-sensitivity-v2-s4b-b3-ollama16384-rag16384/failed-attempts/attempt-2
attempt-3-44136fa355b3-e1340100bf7b,109,4B RAG 16k fijo 16k,C16,DIAGNOSTIC,dbdd606368eeb5a57a47b2b72ed988ad18ae778d67ce9de530c281942d8108b4,logical-dbdd606368ee,62cbce35dfeb523d5f71c0dbeee4f27508f9ffe75e07418d09bb393c1d0b6326,benchmark-sensitivity-v2-s4b-b3-ollama16384-rag16384/failed-attempts/attempt-3,/home/root-labia/legal-AI-infraestructure/backups/benchmark-results/benchmark-sensitivity-v2-s4b-b3-ollama16384-rag16384/failed-attempts/attempt-3
benchmark-sensitivity-v2-s4b-b3-ollama16384-rag16384-smoke-b6b17792b61f-05a92bfad48e,20,4B RAG 16k fijo 16k,C16,SMOKE,dbdd606368eeb5a57a47b2b72ed988ad18ae778d67ce9de530c281942d8108b4,logical-dbdd606368ee,c2eae28ddd6551cd1f563b2671c6fd7515014f8796d863a0feb946b2a603adbb,benchmark-sensitivity-v2-s4b-b3-ollama16384-rag16384-smoke,/home/root-labia/legal-AI-infraestructure/backups/benchmark-results/benchmark-sensitivity-v2-s4b-b3-ollama16384-rag16384-smoke
