artifact_locator_hash,available_cases,case_bytes,config_minimum_score,config_requested_cases,config_run_id,config_top_k,configuration_path,configuration_sha256,duplicate_joins,expected_cases,integrity,invalid_gold_joins,inventory_id,model_size_hint,ollama_context_hint,rag_context_hint,run_id,run_status,smoke_hint,source_cases_dir,source_root,source_run_dir,unique_joins
18d2e0441561,20,122765,0.0,20,sensitivity-s4b-a2-smoke,8,C:\Users\URIELS~1\AppData\Local\Temp\benchmark-v2-all-runs-20260825\benchmark-results\archive\20260818-sensitivity-invalid-template\benchmark-sensitivity-s4b-a2-ollama16384-rag2048-smoke-20260818T1544\configuration.json,0e4f1845f8980c5dade53b0a8e58aa81aec70b3a09629870daab14e2dfa56167,0,20,FULL,0,benchmark-sensitivity-s4b-a2-ollama16384-rag2048-smoke-20260818T1544-0e4f1845f898-18d2e0441561,4b,16384,2048,sensitivity-s4b-a2-smoke,,True,C:\Users\URIELS~1\AppData\Local\Temp\benchmark-v2-all-runs-20260825\benchmark-results\archive\20260818-sensitivity-invalid-template\benchmark-sensitivity-s4b-a2-ollama16384-rag2048-smoke-20260818T1544\cases,C:\Users\URIELS~1\AppData\Local\Temp\benchmark-v2-all-runs-20260825\benchmark-results,C:\Users\URIELS~1\AppData\Local\Temp\benchmark-v2-all-runs-20260825\benchmark-results\archive\20260818-sensitivity-invalid-template\benchmark-sensitivity-s4b-a2-ollama16384-rag2048-smoke-20260818T1544,20
babe23f04942,20,558287,0.0,20,benchmark1000-06b-recall-smoke,12,C:\Users\URIELS~1\AppData\Local\Temp\benchmark-v2-all-runs-20260825\benchmark-results\archive\20260818-superseded-and-diagnostics\benchmark-1000-06b-recall-smoke-before-context16384-20260817\configuration.json,b60607fe9208bfd85eae3805e27d2db27be840a4123ab2878d9fee5bb4e082b0,0,20,FULL,0,benchmark-1000-06b-recall-smoke-before-context16384-20260817-b60607fe9208-babe23f04942,0.6B,,,benchmark1000-06b-recall-smoke,,True,C:\Users\URIELS~1\AppData\Local\Temp\benchmark-v2-all-runs-20260825\benchmark-results\archive\20260818-superseded-and-diagnostics\benchmark-1000-06b-recall-smoke-before-context16384-20260817\cases,C:\Users\URIELS~1\AppData\Local\Temp\benchmark-v2-all-runs-20260825\benchmark-results,C:\Users\URIELS~1\AppData\Local\Temp\benchmark-v2-all-runs-20260825\benchmark-results\archive\20260818-superseded-and-diagnostics\benchmark-1000-06b-recall-smoke-before-context16384-20260817,20
39cacd12e896,17,234506,0.0,1000,benchmark1000-4096-v1,8,C:\Users\URIELS~1\AppData\Local\Temp\benchmark-v2-all-runs-20260825\benchmark-results\archive\20260818-superseded-and-diagnostics\benchmark-1000-4096-v1\configuration.json,768135d701b6461f43297cfb8080a09aec1befc7847f25c321b3388981905d24,0,1000,PARTIAL,0,benchmark-1000-4096-v1-768135d701b6-39cacd12e896,,,,benchmark1000-4096-v1,,False,C:\Users\URIELS~1\AppData\Local\Temp\benchmark-v2-all-runs-20260825\benchmark-results\archive\20260818-superseded-and-diagnostics\benchmark-1000-4096-v1\cases,C:\Users\URIELS~1\AppData\Local\Temp\benchmark-v2-all-runs-20260825\benchmark-results,C:\Users\URIELS~1\AppData\Local\Temp\benchmark-v2-all-runs-20260825\benchmark-results\archive\20260818-superseded-and-diagnostics\benchmark-1000-4096-v1,17
71c8d2550f45,1,6000,0.0,1000,benchmark1000-4096-v2-clean,8,C:\Users\URIELS~1\AppData\Local\Temp\benchmark-v2-all-runs-20260825\benchmark-results\archive\20260818-superseded-and-diagnostics\benchmark-1000-4096-v2-blocked-timeout30\configuration.json,b61a99d8893c2443f71a4c2225cf6efd55532223992945d9fb63a7522ee3c8ab,0,1000,PARTIAL,0,benchmark-1000-4096-v2-blocked-timeout30-b61a99d8893c-71c8d2550f45,,,,benchmark1000-4096-v2-clean,,False,C:\Users\URIELS~1\AppData\Local\Temp\benchmark-v2-all-runs-20260825\benchmark-results\archive\20260818-superseded-and-diagnostics\benchmark-1000-4096-v2-blocked-timeout30\cases,C:\Users\URIELS~1\AppData\Local\Temp\benchmark-v2-all-runs-20260825\benchmark-results,C:\Users\URIELS~1\AppData\Local\Temp\benchmark-v2-all-runs-20260825\benchmark-results\archive\20260818-superseded-and-diagnostics\benchmark-1000-4096-v2-blocked-timeout30,1
221e4a375bb2,1,6000,0.0,1000,benchmark1000-4096-v2,8,C:\Users\URIELS~1\AppData\Local\Temp\benchmark-v2-all-runs-20260825\benchmark-results\archive\20260818-superseded-and-diagnostics\benchmark-1000-4096-v2-blocked-warmup\configuration.json,f8f538efebfdaab5afd3ab78d65d6b202b602cd5752358ae1448a63187ea973f,0,1000,INVALID,0,benchmark-1000-4096-v2-blocked-warmup-f8f538efebfd-221e4a375bb2,,,,benchmark1000-4096-v2,BLOCKED_EXTERNAL,False,C:\Users\URIELS~1\AppData\Local\Temp\benchmark-v2-all-runs-20260825\benchmark-results\archive\20260818-superseded-and-diagnostics\benchmark-1000-4096-v2-blocked-warmup\cases,C:\Users\URIELS~1\AppData\Local\Temp\benchmark-v2-all-runs-20260825\benchmark-results,C:\Users\URIELS~1\AppData\Local\Temp\benchmark-v2-all-runs-20260825\benchmark-results\archive\20260818-superseded-and-diagnostics\benchmark-1000-4096-v2-blocked-warmup,1
cdf6c13d7956,2,12000,,,,,,44136fa355b3678a1146ad16f7e8649e94fb4fc21fe77e8310c060f61caaff8a,1,2,FULL,0,errors-44136fa355b3-cdf6c13d7956,,,,errors,,False,C:\Users\URIELS~1\AppData\Local\Temp\benchmark-v2-all-runs-20260825\benchmark-results\archive\20260818-superseded-and-diagnostics\benchmark-1000-4096-v2-blocked-warmup\errors,C:\Users\URIELS~1\AppData\Local\Temp\benchmark-v2-all-runs-20260825\benchmark-results,C:\Users\URIELS~1\AppData\Local\Temp\benchmark-v2-all-runs-20260825\benchmark-results\archive\20260818-superseded-and-diagnostics\benchmark-1000-4096-v2-blocked-warmup\errors,1
3e8034e8c98b,1,27416,0.0,1,benchmark1000-4096-v2-diagnostic,8,C:\Users\URIELS~1\AppData\Local\Temp\benchmark-v2-all-runs-20260825\benchmark-results\archive\20260818-superseded-and-diagnostics\benchmark-1000-4096-v2-diagnostic\configuration.json,4a9d74c771a71156c7a267035048876a0e6cee9f5aa48bab0f5e0a74a10bac6d,0,1,FULL,0,benchmark-1000-4096-v2-diagnostic-4a9d74c771a7-3e8034e8c98b,,,,benchmark1000-4096-v2-diagnostic,,False,C:\Users\URIELS~1\AppData\Local\Temp\benchmark-v2-all-runs-20260825\benchmark-results\archive\20260818-superseded-and-diagnostics\benchmark-1000-4096-v2-diagnostic\cases,C:\Users\URIELS~1\AppData\Local\Temp\benchmark-v2-all-runs-20260825\benchmark-results,C:\Users\URIELS~1\AppData\Local\Temp\benchmark-v2-all-runs-20260825\benchmark-results\archive\20260818-superseded-and-diagnostics\benchmark-1000-4096-v2-diagnostic,1
26793ebc5ae6,71,1843128,0.0,1000,benchmark1000-4096-v2-final,8,C:\Users\URIELS~1\AppData\Local\Temp\benchmark-v2-all-runs-20260825\benchmark-results\archive\20260818-superseded-and-diagnostics\benchmark-1000-4096-v2-invalid-residency-20260813T144835Z\configuration.json,b56aa872132764edaf431083470f2b4ad7e4096366c07e4d6a5e57da220b56e6,0,1000,PARTIAL,0,benchmark-1000-4096-v2-invalid-residency-20260813T144835Z-b56aa8721327-26793ebc5ae6,,,,benchmark1000-4096-v2-final,,False,C:\Users\URIELS~1\AppData\Local\Temp\benchmark-v2-all-runs-20260825\benchmark-results\archive\20260818-superseded-and-diagnostics\benchmark-1000-4096-v2-invalid-residency-20260813T144835Z\cases,C:\Users\URIELS~1\AppData\Local\Temp\benchmark-v2-all-runs-20260825\benchmark-results,C:\Users\URIELS~1\AppData\Local\Temp\benchmark-v2-all-runs-20260825\benchmark-results\archive\20260818-superseded-and-diagnostics\benchmark-1000-4096-v2-invalid-residency-20260813T144835Z,71
0fe1bccaf940,1,6000,0.0,1,benchmark1000-4096-v2,8,C:\Users\URIELS~1\AppData\Local\Temp\benchmark-v2-all-runs-20260825\benchmark-results\archive\20260818-superseded-and-diagnostics\benchmark-1000-4096-v2-recovery-0001\configuration.json,79a92abc33abf935770dd5af91ce5fa3d8ffa5c66ff9fe2ff4b6c8f66656bf3b,0,1,FULL,0,benchmark-1000-4096-v2-recovery-0001-79a92abc33ab-0fe1bccaf940,,,,benchmark1000-4096-v2,,False,C:\Users\URIELS~1\AppData\Local\Temp\benchmark-v2-all-runs-20260825\benchmark-results\archive\20260818-superseded-and-diagnostics\benchmark-1000-4096-v2-recovery-0001\cases,C:\Users\URIELS~1\AppData\Local\Temp\benchmark-v2-all-runs-20260825\benchmark-results,C:\Users\URIELS~1\AppData\Local\Temp\benchmark-v2-all-runs-20260825\benchmark-results\archive\20260818-superseded-and-diagnostics\benchmark-1000-4096-v2-recovery-0001,1
8cdb29b2a1a6,20,521548,0.0,20,benchmark1000-4096-v2-residency-final,8,C:\Users\URIELS~1\AppData\Local\Temp\benchmark-v2-all-runs-20260825\benchmark-results\archive\20260818-superseded-and-diagnostics\benchmark-1000-4096-v2-residency-smoke\configuration.json,95bdb2fbf8b08c5e0ba6c3fa468afce2cb58c7d8779d54995546cc96ff92e083,0,20,FULL,0,benchmark-1000-4096-v2-residency-smoke-95bdb2fbf8b0-8cdb29b2a1a6,,,,benchmark1000-4096-v2-residency-final,,True,C:\Users\URIELS~1\AppData\Local\Temp\benchmark-v2-all-runs-20260825\benchmark-results\archive\20260818-superseded-and-diagnostics\benchmark-1000-4096-v2-residency-smoke\cases,C:\Users\URIELS~1\AppData\Local\Temp\benchmark-v2-all-runs-20260825\benchmark-results,C:\Users\URIELS~1\AppData\Local\Temp\benchmark-v2-all-runs-20260825\benchmark-results\archive\20260818-superseded-and-diagnostics\benchmark-1000-4096-v2-residency-smoke,20
d49ea740b1d9,20,123144,0.0,20,benchmark1000-4096-v2-residency-smoke,8,C:\Users\URIELS~1\AppData\Local\Temp\benchmark-v2-all-runs-20260825\benchmark-results\archive\20260818-superseded-and-diagnostics\benchmark-1000-4096-v2-residency-smoke-failed-network-20260813T145411Z\configuration.json,53085c6124dcb2fd4f3484204d9b5b109fa6affb7441df19d21e7a16016164e0,0,20,FULL,0,benchmark-1000-4096-v2-residency-smoke-failed-network-20260813T145411Z-53085c6124dc-d49ea740b1d9,,,,benchmark1000-4096-v2-residency-smoke,,True,C:\Users\URIELS~1\AppData\Local\Temp\benchmark-v2-all-runs-20260825\benchmark-results\archive\20260818-superseded-and-diagnostics\benchmark-1000-4096-v2-residency-smoke-failed-network-20260813T145411Z\cases,C:\Users\URIELS~1\AppData\Local\Temp\benchmark-v2-all-runs-20260825\benchmark-results,C:\Users\URIELS~1\AppData\Local\Temp\benchmark-v2-all-runs-20260825\benchmark-results\archive\20260818-superseded-and-diagnostics\benchmark-1000-4096-v2-residency-smoke-failed-network-20260813T145411Z,20
124a1a403264,6,156595,0.0,20,benchmark1000-4096-v2-residency-smoke-ok,8,C:\Users\URIELS~1\AppData\Local\Temp\benchmark-v2-all-runs-20260825\benchmark-results\archive\20260818-superseded-and-diagnostics\benchmark-1000-4096-v2-residency-smoke-pre-explicit-keepalive-20260813T150222Z\configuration.json,15f8d37e39075a28731a9110778d6db4dba8f55e64a75b9760d59cd94b09de23,0,20,PARTIAL,0,benchmark-1000-4096-v2-residency-smoke-pre-explicit-keepalive-20260813T150222Z-15f8d37e3907-124a1a403264,,,,benchmark1000-4096-v2-residency-smoke-ok,,True,C:\Users\URIELS~1\AppData\Local\Temp\benchmark-v2-all-runs-20260825\benchmark-results\archive\20260818-superseded-and-diagnostics\benchmark-1000-4096-v2-residency-smoke-pre-explicit-keepalive-20260813T150222Z\cases,C:\Users\URIELS~1\AppData\Local\Temp\benchmark-v2-all-runs-20260825\benchmark-results,C:\Users\URIELS~1\AppData\Local\Temp\benchmark-v2-all-runs-20260825\benchmark-results\archive\20260818-superseded-and-diagnostics\benchmark-1000-4096-v2-residency-smoke-pre-explicit-keepalive-20260813T150222Z,6
1d3f1320442a,1,26141,0.0,1,benchmark1000-4096-v2-timeout-fix-smoke,8,C:\Users\URIELS~1\AppData\Local\Temp\benchmark-v2-all-runs-20260825\benchmark-results\archive\20260818-superseded-and-diagnostics\benchmark-1000-4096-v2-timeout-fix-smoke\configuration.json,cca617fb2a1d7bfca3441cd6cc598f1825aabf61007cbf0f864b4be41a4afae4,0,1,FULL,0,benchmark-1000-4096-v2-timeout-fix-smoke-cca617fb2a1d-1d3f1320442a,,,,benchmark1000-4096-v2-timeout-fix-smoke,,True,C:\Users\URIELS~1\AppData\Local\Temp\benchmark-v2-all-runs-20260825\benchmark-results\archive\20260818-superseded-and-diagnostics\benchmark-1000-4096-v2-timeout-fix-smoke\cases,C:\Users\URIELS~1\AppData\Local\Temp\benchmark-v2-all-runs-20260825\benchmark-results,C:\Users\URIELS~1\AppData\Local\Temp\benchmark-v2-all-runs-20260825\benchmark-results\archive\20260818-superseded-and-diagnostics\benchmark-1000-4096-v2-timeout-fix-smoke,1
b7f297e3b012,1000,23060779,0.0,379,benchmark1000-8192-v3,8,C:\Users\URIELS~1\AppData\Local\Temp\benchmark-v2-all-runs-20260825\benchmark-results\archive\20260818-superseded-and-diagnostics\benchmark-1000-8192-v3\configuration.json,47ef8597afbdd960b75aced6a02762b04cb5f47445134ecd43ff921d634178f6,0,379,FULL,0,benchmark-1000-8192-v3-47ef8597afbd-b7f297e3b012,,,,benchmark1000-8192-v3,,False,C:\Users\URIELS~1\AppData\Local\Temp\benchmark-v2-all-runs-20260825\benchmark-results\archive\20260818-superseded-and-diagnostics\benchmark-1000-8192-v3\cases,C:\Users\URIELS~1\AppData\Local\Temp\benchmark-v2-all-runs-20260825\benchmark-results,C:\Users\URIELS~1\AppData\Local\Temp\benchmark-v2-all-runs-20260825\benchmark-results\archive\20260818-superseded-and-diagnostics\benchmark-1000-8192-v3,1000
af50ce41ee78,3,77735,0.0,3,benchmarkresumeresidencysmoke20260814T121409Z,8,C:\Users\URIELS~1\AppData\Local\Temp\benchmark-v2-all-runs-20260825\benchmark-results\archive\20260818-superseded-and-diagnostics\benchmark-resume-residency-smoke-20260814T121409Z\configuration.json,8f92dfbb3562b1e4c65a742658d1ba82ab47433f1587da2e41dd61bbdb16cb87,0,3,FULL,0,benchmark-resume-residency-smoke-20260814T121409Z-8f92dfbb3562-af50ce41ee78,,,,benchmarkresumeresidencysmoke20260814T121409Z,,True,C:\Users\URIELS~1\AppData\Local\Temp\benchmark-v2-all-runs-20260825\benchmark-results\archive\20260818-superseded-and-diagnostics\benchmark-resume-residency-smoke-20260814T121409Z\cases,C:\Users\URIELS~1\AppData\Local\Temp\benchmark-v2-all-runs-20260825\benchmark-results,C:\Users\URIELS~1\AppData\Local\Temp\benchmark-v2-all-runs-20260825\benchmark-results\archive\20260818-superseded-and-diagnostics\benchmark-resume-residency-smoke-20260814T121409Z,3
32e33f9833a1,1,7991,0.0,1,debug-case7-0035,8,C:\Users\URIELS~1\AppData\Local\Temp\benchmark-v2-all-runs-20260825\benchmark-results\archive\20260818-superseded-and-diagnostics\debug-case7-0035\configuration.json,e2ef99fe765a0ddc6b273334f117a936d82e6742b5120b13b812565feec93287,0,1,FULL,0,debug-case7-0035-e2ef99fe765a-32e33f9833a1,,,,debug-case7-0035,,False,C:\Users\URIELS~1\AppData\Local\Temp\benchmark-v2-all-runs-20260825\benchmark-results\archive\20260818-superseded-and-diagnostics\debug-case7-0035\cases,C:\Users\URIELS~1\AppData\Local\Temp\benchmark-v2-all-runs-20260825\benchmark-results,C:\Users\URIELS~1\AppData\Local\Temp\benchmark-v2-all-runs-20260825\benchmark-results\archive\20260818-superseded-and-diagnostics\debug-case7-0035,1
c8e77461bedd,1,7990,0.0,1,debug-case7-0035b-1787002416,8,C:\Users\URIELS~1\AppData\Local\Temp\benchmark-v2-all-runs-20260825\benchmark-results\archive\20260818-superseded-and-diagnostics\debug-case7-0035b\configuration.json,be5a94163adb5007478e07b435a2dfb5dc6b29798abadc782bc0b93b515a39c9,0,1,FULL,0,debug-case7-0035b-be5a94163adb-c8e77461bedd,,,,debug-case7-0035b-1787002416,,False,C:\Users\URIELS~1\AppData\Local\Temp\benchmark-v2-all-runs-20260825\benchmark-results\archive\20260818-superseded-and-diagnostics\debug-case7-0035b\cases,C:\Users\URIELS~1\AppData\Local\Temp\benchmark-v2-all-runs-20260825\benchmark-results,C:\Users\URIELS~1\AppData\Local\Temp\benchmark-v2-all-runs-20260825\benchmark-results\archive\20260818-superseded-and-diagnostics\debug-case7-0035b,1
67a5499c0f70,1,27902,0.0,1,debug-case7-16384b,8,C:\Users\URIELS~1\AppData\Local\Temp\benchmark-v2-all-runs-20260825\benchmark-results\archive\20260818-superseded-and-diagnostics\debug-case7-16384\configuration.json,0f236efedddf22a17810a6c43efb76cac7b76f08f2475ca40922956606008528,0,1,FULL,0,debug-case7-16384-0f236efedddf-67a5499c0f70,,,,debug-case7-16384b,,False,C:\Users\URIELS~1\AppData\Local\Temp\benchmark-v2-all-runs-20260825\benchmark-results\archive\20260818-superseded-and-diagnostics\debug-case7-16384\cases,C:\Users\URIELS~1\AppData\Local\Temp\benchmark-v2-all-runs-20260825\benchmark-results,C:\Users\URIELS~1\AppData\Local\Temp\benchmark-v2-all-runs-20260825\benchmark-results\archive\20260818-superseded-and-diagnostics\debug-case7-16384,1
dc52b8c7362f,1,29009,0.0,1,debug-case7-ps,12,C:\Users\URIELS~1\AppData\Local\Temp\benchmark-v2-all-runs-20260825\benchmark-results\archive\20260818-superseded-and-diagnostics\debug-case7-ps\configuration.json,10e4eb760eee31454927ffee7486ffc9fdf4b1b256171438a282b2aa238e3612,0,1,FULL,0,debug-case7-ps-10e4eb760eee-dc52b8c7362f,,,,debug-case7-ps,,False,C:\Users\URIELS~1\AppData\Local\Temp\benchmark-v2-all-runs-20260825\benchmark-results\archive\20260818-superseded-and-diagnostics\debug-case7-ps\cases,C:\Users\URIELS~1\AppData\Local\Temp\benchmark-v2-all-runs-20260825\benchmark-results,C:\Users\URIELS~1\AppData\Local\Temp\benchmark-v2-all-runs-20260825\benchmark-results\archive\20260818-superseded-and-diagnostics\debug-case7-ps,1
aed0bd1be38a,1000,23443301,0.0,1000,benchmark1000-06b-balanced,8,C:\Users\URIELS~1\AppData\Local\Temp\benchmark-v2-all-runs-20260825\benchmark-results\benchmark-1000-06b-balanced\configuration.json,962aaad50d0d2950a911fe4102686aad73d64c0388c31b46b31f027af6b1a24e,0,1000,FULL,0,benchmark-1000-06b-balanced-962aaad50d0d-aed0bd1be38a,0.6B,,,benchmark1000-06b-balanced,,False,C:\Users\URIELS~1\AppData\Local\Temp\benchmark-v2-all-runs-20260825\benchmark-results\benchmark-1000-06b-balanced\cases,C:\Users\URIELS~1\AppData\Local\Temp\benchmark-v2-all-runs-20260825\benchmark-results,C:\Users\URIELS~1\AppData\Local\Temp\benchmark-v2-all-runs-20260825\benchmark-results\benchmark-1000-06b-balanced,1000
4610d96bc797,20,448286,0.0,20,benchmark1000-06b-balanced-smoke,8,C:\Users\URIELS~1\AppData\Local\Temp\benchmark-v2-all-runs-20260825\benchmark-results\benchmark-1000-06b-balanced-smoke\configuration.json,a63ea644e24cbea613989a21dffa6480ffcee86c8d1159909846c749defedc73,0,20,FULL,0,benchmark-1000-06b-balanced-smoke-a63ea644e24c-4610d96bc797,0.6B,,,benchmark1000-06b-balanced-smoke,,True,C:\Users\URIELS~1\AppData\Local\Temp\benchmark-v2-all-runs-20260825\benchmark-results\benchmark-1000-06b-balanced-smoke\cases,C:\Users\URIELS~1\AppData\Local\Temp\benchmark-v2-all-runs-20260825\benchmark-results,C:\Users\URIELS~1\AppData\Local\Temp\benchmark-v2-all-runs-20260825\benchmark-results\benchmark-1000-06b-balanced-smoke,20
384fb1da846f,103,1712688,0.6,1000,benchmark1000-06b-compact,3,C:\Users\URIELS~1\AppData\Local\Temp\benchmark-v2-all-runs-20260825\benchmark-results\benchmark-1000-06b-compact\configuration.json,1e3a252f36aca69e1a31d90abd0e9f1a328f7f6cc3f54f2179999c40e4303be2,0,1000,PARTIAL,0,benchmark-1000-06b-compact-1e3a252f36ac-384fb1da846f,0.6B,,,benchmark1000-06b-compact,,False,C:\Users\URIELS~1\AppData\Local\Temp\benchmark-v2-all-runs-20260825\benchmark-results\benchmark-1000-06b-compact\cases,C:\Users\URIELS~1\AppData\Local\Temp\benchmark-v2-all-runs-20260825\benchmark-results,C:\Users\URIELS~1\AppData\Local\Temp\benchmark-v2-all-runs-20260825\benchmark-results\benchmark-1000-06b-compact,103
f1e673109c43,20,329431,0.6,20,benchmark1000-06b-compact-smoke,3,C:\Users\URIELS~1\AppData\Local\Temp\benchmark-v2-all-runs-20260825\benchmark-results\benchmark-1000-06b-compact-smoke\configuration.json,16f55048e5fbc9fa09a3844508edf880017cfc5a5b95b5e55964ac24b7af56a2,0,20,FULL,0,benchmark-1000-06b-compact-smoke-16f55048e5fb-f1e673109c43,0.6B,,,benchmark1000-06b-compact-smoke,,True,C:\Users\URIELS~1\AppData\Local\Temp\benchmark-v2-all-runs-20260825\benchmark-results\benchmark-1000-06b-compact-smoke\cases,C:\Users\URIELS~1\AppData\Local\Temp\benchmark-v2-all-runs-20260825\benchmark-results,C:\Users\URIELS~1\AppData\Local\Temp\benchmark-v2-all-runs-20260825\benchmark-results\benchmark-1000-06b-compact-smoke,20
0cb8cd433164,1000,23140562,0.55,1000,benchmark1000-06b-diverse-recovery-2,8,C:\Users\URIELS~1\AppData\Local\Temp\benchmark-v2-all-runs-20260825\benchmark-results\benchmark-1000-06b-diverse\configuration.json,64380836fa215cfa3d46f79e97689557e3fed7c02571fd9e107d98c4a3775cdd,0,1000,FULL,0,benchmark-1000-06b-diverse-64380836fa21-0cb8cd433164,0.6B,,,benchmark1000-06b-diverse-recovery-2,,False,C:\Users\URIELS~1\AppData\Local\Temp\benchmark-v2-all-runs-20260825\benchmark-results\benchmark-1000-06b-diverse\cases,C:\Users\URIELS~1\AppData\Local\Temp\benchmark-v2-all-runs-20260825\benchmark-results,C:\Users\URIELS~1\AppData\Local\Temp\benchmark-v2-all-runs-20260825\benchmark-results\benchmark-1000-06b-diverse,1000
0dba13bc1496,2,16378,,,,,,44136fa355b3678a1146ad16f7e8649e94fb4fc21fe77e8310c060f61caaff8a,0,2,FULL,0,attempt-1-44136fa355b3-0dba13bc1496,,,,attempt-1,,False,C:\Users\URIELS~1\AppData\Local\Temp\benchmark-v2-all-runs-20260825\benchmark-results\benchmark-1000-06b-diverse\failed-attempts\attempt-1,C:\Users\URIELS~1\AppData\Local\Temp\benchmark-v2-all-runs-20260825\benchmark-results,C:\Users\URIELS~1\AppData\Local\Temp\benchmark-v2-all-runs-20260825\benchmark-results\benchmark-1000-06b-diverse\failed-attempts\attempt-1,2
5084b1dd072a,2,16378,,,,,,44136fa355b3678a1146ad16f7e8649e94fb4fc21fe77e8310c060f61caaff8a,0,2,FULL,0,attempt-2-44136fa355b3-5084b1dd072a,,,,attempt-2,,False,C:\Users\URIELS~1\AppData\Local\Temp\benchmark-v2-all-runs-20260825\benchmark-results\benchmark-1000-06b-diverse\failed-attempts\attempt-2,C:\Users\URIELS~1\AppData\Local\Temp\benchmark-v2-all-runs-20260825\benchmark-results,C:\Users\URIELS~1\AppData\Local\Temp\benchmark-v2-all-runs-20260825\benchmark-results\benchmark-1000-06b-diverse\failed-attempts\attempt-2,2
76c801b23f99,20,447848,0.55,20,benchmark1000-06b-diverse-smoke,8,C:\Users\URIELS~1\AppData\Local\Temp\benchmark-v2-all-runs-20260825\benchmark-results\benchmark-1000-06b-diverse-smoke\configuration.json,1bb06c2f90cb4ea0fb52a730bd1d8a7ef80f955bc034237e3a7eb1fac63e733a,0,20,FULL,0,benchmark-1000-06b-diverse-smoke-1bb06c2f90cb-76c801b23f99,0.6B,,,benchmark1000-06b-diverse-smoke,,True,C:\Users\URIELS~1\AppData\Local\Temp\benchmark-v2-all-runs-20260825\benchmark-results\benchmark-1000-06b-diverse-smoke\cases,C:\Users\URIELS~1\AppData\Local\Temp\benchmark-v2-all-runs-20260825\benchmark-results,C:\Users\URIELS~1\AppData\Local\Temp\benchmark-v2-all-runs-20260825\benchmark-results\benchmark-1000-06b-diverse-smoke,20
a16da23d45e1,14,86960,,,,,,44136fa355b3678a1146ad16f7e8649e94fb4fc21fe77e8310c060f61caaff8a,0,14,FULL,0,attempt-0-44136fa355b3-a16da23d45e1,,,,attempt-0,,False,C:\Users\URIELS~1\AppData\Local\Temp\benchmark-v2-all-runs-20260825\benchmark-results\benchmark-1000-06b-diverse-smoke\failed-attempts\attempt-0,C:\Users\URIELS~1\AppData\Local\Temp\benchmark-v2-all-runs-20260825\benchmark-results,C:\Users\URIELS~1\AppData\Local\Temp\benchmark-v2-all-runs-20260825\benchmark-results\benchmark-1000-06b-diverse-smoke\failed-attempts\attempt-0,14
1d858acb1315,1000,18127902,0.65,1000,benchmark1000-06b-precision-recovery-1,5,C:\Users\URIELS~1\AppData\Local\Temp\benchmark-v2-all-runs-20260825\benchmark-results\benchmark-1000-06b-precision\configuration.json,de0cca5313b4dd90cdf4ece0b0dd55bf9cc0ee23bc8a1845f1de92a7e23ffd3f,0,1000,FULL,0,benchmark-1000-06b-precision-de0cca5313b4-1d858acb1315,0.6B,,,benchmark1000-06b-precision-recovery-1,,False,C:\Users\URIELS~1\AppData\Local\Temp\benchmark-v2-all-runs-20260825\benchmark-results\benchmark-1000-06b-precision\cases,C:\Users\URIELS~1\AppData\Local\Temp\benchmark-v2-all-runs-20260825\benchmark-results,C:\Users\URIELS~1\AppData\Local\Temp\benchmark-v2-all-runs-20260825\benchmark-results\benchmark-1000-06b-precision,1000
385e43674a7b,1,8586,,,,,,44136fa355b3678a1146ad16f7e8649e94fb4fc21fe77e8310c060f61caaff8a,0,1,FULL,0,attempt-1-44136fa355b3-385e43674a7b,,,,attempt-1,,False,C:\Users\URIELS~1\AppData\Local\Temp\benchmark-v2-all-runs-20260825\benchmark-results\benchmark-1000-06b-precision\failed-attempts\attempt-1,C:\Users\URIELS~1\AppData\Local\Temp\benchmark-v2-all-runs-20260825\benchmark-results,C:\Users\URIELS~1\AppData\Local\Temp\benchmark-v2-all-runs-20260825\benchmark-results\benchmark-1000-06b-precision\failed-attempts\attempt-1,1
f2e1451abaa0,20,370277,0.65,20,benchmark1000-06b-precision-smoke,5,C:\Users\URIELS~1\AppData\Local\Temp\benchmark-v2-all-runs-20260825\benchmark-results\benchmark-1000-06b-precision-smoke\configuration.json,7d6390b08392034af4b52fe245f3e1de12bc3d1fbcb70ba95da1b070ba019e34,0,20,FULL,0,benchmark-1000-06b-precision-smoke-7d6390b08392-f2e1451abaa0,0.6B,,,benchmark1000-06b-precision-smoke,,True,C:\Users\URIELS~1\AppData\Local\Temp\benchmark-v2-all-runs-20260825\benchmark-results\benchmark-1000-06b-precision-smoke\cases,C:\Users\URIELS~1\AppData\Local\Temp\benchmark-v2-all-runs-20260825\benchmark-results,C:\Users\URIELS~1\AppData\Local\Temp\benchmark-v2-all-runs-20260825\benchmark-results\benchmark-1000-06b-precision-smoke,20
593a0ac2b3bc,1000,29173211,0.0,1000,benchmark1000-06b-recall-recovery-2,12,C:\Users\URIELS~1\AppData\Local\Temp\benchmark-v2-all-runs-20260825\benchmark-results\benchmark-1000-06b-recall\configuration.json,d3b4048e7d2370989ba1a16c66a0b0103a0b5c38d0cb2152845d73b3c127bf07,0,1000,FULL,0,benchmark-1000-06b-recall-d3b4048e7d23-593a0ac2b3bc,0.6B,,,benchmark1000-06b-recall-recovery-2,,False,C:\Users\URIELS~1\AppData\Local\Temp\benchmark-v2-all-runs-20260825\benchmark-results\benchmark-1000-06b-recall\cases,C:\Users\URIELS~1\AppData\Local\Temp\benchmark-v2-all-runs-20260825\benchmark-results,C:\Users\URIELS~1\AppData\Local\Temp\benchmark-v2-all-runs-20260825\benchmark-results\benchmark-1000-06b-recall,1000
0f214769291f,33,253552,,,,,,44136fa355b3678a1146ad16f7e8649e94fb4fc21fe77e8310c060f61caaff8a,0,33,FULL,0,attempt-0-44136fa355b3-0f214769291f,,,,attempt-0,,False,C:\Users\URIELS~1\AppData\Local\Temp\benchmark-v2-all-runs-20260825\benchmark-results\benchmark-1000-06b-recall\failed-attempts\attempt-0,C:\Users\URIELS~1\AppData\Local\Temp\benchmark-v2-all-runs-20260825\benchmark-results,C:\Users\URIELS~1\AppData\Local\Temp\benchmark-v2-all-runs-20260825\benchmark-results\benchmark-1000-06b-recall\failed-attempts\attempt-0,33
c2b24fce13b0,1,8343,,,,,,44136fa355b3678a1146ad16f7e8649e94fb4fc21fe77e8310c060f61caaff8a,0,1,FULL,0,attempt-1-44136fa355b3-c2b24fce13b0,,,,attempt-1,,False,C:\Users\URIELS~1\AppData\Local\Temp\benchmark-v2-all-runs-20260825\benchmark-results\benchmark-1000-06b-recall\failed-attempts\attempt-1,C:\Users\URIELS~1\AppData\Local\Temp\benchmark-v2-all-runs-20260825\benchmark-results,C:\Users\URIELS~1\AppData\Local\Temp\benchmark-v2-all-runs-20260825\benchmark-results\benchmark-1000-06b-recall\failed-attempts\attempt-1,1
e9623a49d55e,1,8343,,,,,,44136fa355b3678a1146ad16f7e8649e94fb4fc21fe77e8310c060f61caaff8a,0,1,FULL,0,attempt-2-44136fa355b3-e9623a49d55e,,,,attempt-2,,False,C:\Users\URIELS~1\AppData\Local\Temp\benchmark-v2-all-runs-20260825\benchmark-results\benchmark-1000-06b-recall\failed-attempts\attempt-2,C:\Users\URIELS~1\AppData\Local\Temp\benchmark-v2-all-runs-20260825\benchmark-results,C:\Users\URIELS~1\AppData\Local\Temp\benchmark-v2-all-runs-20260825\benchmark-results\benchmark-1000-06b-recall\failed-attempts\attempt-2,1
c26ba94c13d1,20,558287,0.0,20,benchmark1000-06b-recall-smoke,12,C:\Users\URIELS~1\AppData\Local\Temp\benchmark-v2-all-runs-20260825\benchmark-results\benchmark-1000-06b-recall-smoke\configuration.json,916f0a1189a61a52bff4bcff5d9cb61139a6282bb8a984014e42487c4951c717,0,20,FULL,0,benchmark-1000-06b-recall-smoke-916f0a1189a6-c26ba94c13d1,0.6B,,,benchmark1000-06b-recall-smoke,,True,C:\Users\URIELS~1\AppData\Local\Temp\benchmark-v2-all-runs-20260825\benchmark-results\benchmark-1000-06b-recall-smoke\cases,C:\Users\URIELS~1\AppData\Local\Temp\benchmark-v2-all-runs-20260825\benchmark-results,C:\Users\URIELS~1\AppData\Local\Temp\benchmark-v2-all-runs-20260825\benchmark-results\benchmark-1000-06b-recall-smoke,20
ba51c25e8985,1000,26809773,0.0,1000,benchmark1000-4096-v2-final-auto-resume,8,C:\Users\URIELS~1\AppData\Local\Temp\benchmark-v2-all-runs-20260825\benchmark-results\benchmark-1000-4096-v2\configuration.json,e65484fd3f466d5135939bf54bb3c419a91a3ec50347088cb636d5e9f9b7b712,0,1000,FULL,0,benchmark-1000-4096-v2-e65484fd3f46-ba51c25e8985,,,,benchmark1000-4096-v2-final-auto-resume,,False,C:\Users\URIELS~1\AppData\Local\Temp\benchmark-v2-all-runs-20260825\benchmark-results\benchmark-1000-4096-v2\cases,C:\Users\URIELS~1\AppData\Local\Temp\benchmark-v2-all-runs-20260825\benchmark-results,C:\Users\URIELS~1\AppData\Local\Temp\benchmark-v2-all-runs-20260825\benchmark-results\benchmark-1000-4096-v2,1000
596d824243ed,32,209645,,,,,,44136fa355b3678a1146ad16f7e8649e94fb4fc21fe77e8310c060f61caaff8a,0,32,FULL,0,pre-resume-20260814T121500Z-44136fa355b3-596d824243ed,,,,pre-resume-20260814T121500Z,,False,C:\Users\URIELS~1\AppData\Local\Temp\benchmark-v2-all-runs-20260825\benchmark-results\benchmark-1000-4096-v2\failed-attempts\pre-resume-20260814T121500Z,C:\Users\URIELS~1\AppData\Local\Temp\benchmark-v2-all-runs-20260825\benchmark-results,C:\Users\URIELS~1\AppData\Local\Temp\benchmark-v2-all-runs-20260825\benchmark-results\benchmark-1000-4096-v2\failed-attempts\pre-resume-20260814T121500Z,32
b7672f99b939,20,527502,0.0,1,benchmark1000-4096-v2-smoke,8,C:\Users\URIELS~1\AppData\Local\Temp\benchmark-v2-all-runs-20260825\benchmark-results\benchmark-1000-4096-v2-smoke\configuration.json,88d8f89c5bcd1599bec2cd12bc024cded78a3d441c524cdeb7a5696086bef89a,0,1,FULL,0,benchmark-1000-4096-v2-smoke-88d8f89c5bcd-b7672f99b939,,,,benchmark1000-4096-v2-smoke,SMOKE_PASSED,True,C:\Users\URIELS~1\AppData\Local\Temp\benchmark-v2-all-runs-20260825\benchmark-results\benchmark-1000-4096-v2-smoke\cases,C:\Users\URIELS~1\AppData\Local\Temp\benchmark-v2-all-runs-20260825\benchmark-results,C:\Users\URIELS~1\AppData\Local\Temp\benchmark-v2-all-runs-20260825\benchmark-results\benchmark-1000-4096-v2-smoke,20
efd73b9b4711,1000,27220446,0.0,1000,benchmark1000-8192-v4,8,C:\Users\URIELS~1\AppData\Local\Temp\benchmark-v2-all-runs-20260825\benchmark-results\benchmark-1000-8192-v4\configuration.json,c8aad0ffe617a65375e6cc8b853a6f702f562f5a94c4ce0465ac8e9e53c05e15,0,1000,FULL,0,benchmark-1000-8192-v4-c8aad0ffe617-efd73b9b4711,,,,benchmark1000-8192-v4,,False,C:\Users\URIELS~1\AppData\Local\Temp\benchmark-v2-all-runs-20260825\benchmark-results\benchmark-1000-8192-v4\cases,C:\Users\URIELS~1\AppData\Local\Temp\benchmark-v2-all-runs-20260825\benchmark-results,C:\Users\URIELS~1\AppData\Local\Temp\benchmark-v2-all-runs-20260825\benchmark-results\benchmark-1000-8192-v4,1000
e0cd90e955b3,20,526231,0.0,20,benchmark1000-8192-v4-smoke,8,C:\Users\URIELS~1\AppData\Local\Temp\benchmark-v2-all-runs-20260825\benchmark-results\benchmark-1000-8192-v4-smoke\configuration.json,e58efeff950536061a991953b68df8c2e359340ee6f4385202fea02d9f6306e5,0,20,FULL,0,benchmark-1000-8192-v4-smoke-e58efeff9505-e0cd90e955b3,,,,benchmark1000-8192-v4-smoke,,True,C:\Users\URIELS~1\AppData\Local\Temp\benchmark-v2-all-runs-20260825\benchmark-results\benchmark-1000-8192-v4-smoke\cases,C:\Users\URIELS~1\AppData\Local\Temp\benchmark-v2-all-runs-20260825\benchmark-results,C:\Users\URIELS~1\AppData\Local\Temp\benchmark-v2-all-runs-20260825\benchmark-results\benchmark-1000-8192-v4-smoke,20
7b081dcf1477,1000,20381161,0.65,1000,benchmark1000-precision-v1-recovery-2,5,C:\Users\URIELS~1\AppData\Local\Temp\benchmark-v2-all-runs-20260825\benchmark-results\benchmark-1000-precision-v1\configuration.json,7562651b3b8a9ceaa9633e7eaa71f09aecc1c11771c8b2b16f9c7f17918a9f43,0,1000,FULL,0,benchmark-1000-precision-v1-7562651b3b8a-7b081dcf1477,,,,benchmark1000-precision-v1-recovery-2,,False,C:\Users\URIELS~1\AppData\Local\Temp\benchmark-v2-all-runs-20260825\benchmark-results\benchmark-1000-precision-v1\cases,C:\Users\URIELS~1\AppData\Local\Temp\benchmark-v2-all-runs-20260825\benchmark-results,C:\Users\URIELS~1\AppData\Local\Temp\benchmark-v2-all-runs-20260825\benchmark-results\benchmark-1000-precision-v1,1000
f9eac73cdd7b,17,109320,,,,,,44136fa355b3678a1146ad16f7e8649e94fb4fc21fe77e8310c060f61caaff8a,0,17,FULL,0,attempt-1-44136fa355b3-f9eac73cdd7b,,,,attempt-1,,False,C:\Users\URIELS~1\AppData\Local\Temp\benchmark-v2-all-runs-20260825\benchmark-results\benchmark-1000-precision-v1\failed-attempts\attempt-1,C:\Users\URIELS~1\AppData\Local\Temp\benchmark-v2-all-runs-20260825\benchmark-results,C:\Users\URIELS~1\AppData\Local\Temp\benchmark-v2-all-runs-20260825\benchmark-results\benchmark-1000-precision-v1\failed-attempts\attempt-1,17
eec263a996f7,16,103640,,,,,,44136fa355b3678a1146ad16f7e8649e94fb4fc21fe77e8310c060f61caaff8a,0,16,FULL,0,attempt-2-44136fa355b3-eec263a996f7,,,,attempt-2,,False,C:\Users\URIELS~1\AppData\Local\Temp\benchmark-v2-all-runs-20260825\benchmark-results\benchmark-1000-precision-v1\failed-attempts\attempt-2,C:\Users\URIELS~1\AppData\Local\Temp\benchmark-v2-all-runs-20260825\benchmark-results,C:\Users\URIELS~1\AppData\Local\Temp\benchmark-v2-all-runs-20260825\benchmark-results\benchmark-1000-precision-v1\failed-attempts\attempt-2,16
0702cb91ae64,20,401107,0.65,20,benchmark1000-precision-v1-smoke,5,C:\Users\URIELS~1\AppData\Local\Temp\benchmark-v2-all-runs-20260825\benchmark-results\benchmark-1000-precision-v1-smoke\configuration.json,f5700d79f64e087f8abc51ef93c757be049b7895d1342ee423415162e1d00d2d,0,20,FULL,0,benchmark-1000-precision-v1-smoke-f5700d79f64e-0702cb91ae64,,,,benchmark1000-precision-v1-smoke,,True,C:\Users\URIELS~1\AppData\Local\Temp\benchmark-v2-all-runs-20260825\benchmark-results\benchmark-1000-precision-v1-smoke\cases,C:\Users\URIELS~1\AppData\Local\Temp\benchmark-v2-all-runs-20260825\benchmark-results,C:\Users\URIELS~1\AppData\Local\Temp\benchmark-v2-all-runs-20260825\benchmark-results\benchmark-1000-precision-v1-smoke,20
6e1f7934aa89,1000,23090881,0.0,1000,sensitivity-s4b-a2-recovery-1,8,C:\Users\URIELS~1\AppData\Local\Temp\benchmark-v2-all-runs-20260825\benchmark-results\benchmark-sensitivity-s4b-a2-ollama16384-rag2048\configuration.json,fc50c3f3626610a48ecf159c5aaede2bcff4daf8fe1317303c49326490447659,0,1000,FULL,0,benchmark-sensitivity-s4b-a2-ollama16384-rag2048-fc50c3f36266-6e1f7934aa89,4b,16384,2048,sensitivity-s4b-a2-recovery-1,,False,C:\Users\URIELS~1\AppData\Local\Temp\benchmark-v2-all-runs-20260825\benchmark-results\benchmark-sensitivity-s4b-a2-ollama16384-rag2048\cases,C:\Users\URIELS~1\AppData\Local\Temp\benchmark-v2-all-runs-20260825\benchmark-results,C:\Users\URIELS~1\AppData\Local\Temp\benchmark-v2-all-runs-20260825\benchmark-results\benchmark-sensitivity-s4b-a2-ollama16384-rag2048,1000
241550987cdf,3,20353,,,,,,44136fa355b3678a1146ad16f7e8649e94fb4fc21fe77e8310c060f61caaff8a,0,3,FULL,0,attempt-1-44136fa355b3-241550987cdf,,,,attempt-1,,False,C:\Users\URIELS~1\AppData\Local\Temp\benchmark-v2-all-runs-20260825\benchmark-results\benchmark-sensitivity-s4b-a2-ollama16384-rag2048\failed-attempts\attempt-1,C:\Users\URIELS~1\AppData\Local\Temp\benchmark-v2-all-runs-20260825\benchmark-results,C:\Users\URIELS~1\AppData\Local\Temp\benchmark-v2-all-runs-20260825\benchmark-results\benchmark-sensitivity-s4b-a2-ollama16384-rag2048\failed-attempts\attempt-1,3
535ee806d01c,20,442283,0.0,20,sensitivity-s4b-a2-smoke,8,C:\Users\URIELS~1\AppData\Local\Temp\benchmark-v2-all-runs-20260825\benchmark-results\benchmark-sensitivity-s4b-a2-ollama16384-rag2048-smoke\configuration.json,992df62388ee87c6c39da91f6b1a436f22092be1dabb709d61e4a2aad45557c0,0,20,FULL,0,benchmark-sensitivity-s4b-a2-ollama16384-rag2048-smoke-992df62388ee-535ee806d01c,4b,16384,2048,sensitivity-s4b-a2-smoke,,True,C:\Users\URIELS~1\AppData\Local\Temp\benchmark-v2-all-runs-20260825\benchmark-results\benchmark-sensitivity-s4b-a2-ollama16384-rag2048-smoke\cases,C:\Users\URIELS~1\AppData\Local\Temp\benchmark-v2-all-runs-20260825\benchmark-results,C:\Users\URIELS~1\AppData\Local\Temp\benchmark-v2-all-runs-20260825\benchmark-results\benchmark-sensitivity-s4b-a2-ollama16384-rag2048-smoke,20
cc3f3bc8543f,1000,23069079,0.0,1000,sensitivity-v2-s4b-a3-recovery-2,8,C:\Users\URIELS~1\AppData\Local\Temp\benchmark-v2-all-runs-20260825\benchmark-results\benchmark-sensitivity-s4b-a3-ollama32768-rag2048\configuration.json,718974e70c618cec65efe20c9760b41be75a69e6cdada2ed4f73a6239903721a,0,1000,FULL,0,benchmark-sensitivity-s4b-a3-ollama32768-rag2048-718974e70c61-cc3f3bc8543f,4b,32768,2048,sensitivity-v2-s4b-a3-recovery-2,,False,C:\Users\URIELS~1\AppData\Local\Temp\benchmark-v2-all-runs-20260825\benchmark-results\benchmark-sensitivity-s4b-a3-ollama32768-rag2048\cases,C:\Users\URIELS~1\AppData\Local\Temp\benchmark-v2-all-runs-20260825\benchmark-results,C:\Users\URIELS~1\AppData\Local\Temp\benchmark-v2-all-runs-20260825\benchmark-results\benchmark-sensitivity-s4b-a3-ollama32768-rag2048,1000
5261aed3d62e,240,1570067,,,,,,44136fa355b3678a1146ad16f7e8649e94fb4fc21fe77e8310c060f61caaff8a,0,240,FULL,0,attempt-2-44136fa355b3-5261aed3d62e,,,,attempt-2,,False,C:\Users\URIELS~1\AppData\Local\Temp\benchmark-v2-all-runs-20260825\benchmark-results\benchmark-sensitivity-s4b-a3-ollama32768-rag2048\failed-attempts\attempt-2,C:\Users\URIELS~1\AppData\Local\Temp\benchmark-v2-all-runs-20260825\benchmark-results,C:\Users\URIELS~1\AppData\Local\Temp\benchmark-v2-all-runs-20260825\benchmark-results\benchmark-sensitivity-s4b-a3-ollama32768-rag2048\failed-attempts\attempt-2,240
1ba71b2e4714,20,440526,0.0,20,sensitivity-s4b-a3-smoke,8,C:\Users\URIELS~1\AppData\Local\Temp\benchmark-v2-all-runs-20260825\benchmark-results\benchmark-sensitivity-s4b-a3-ollama32768-rag2048-smoke\configuration.json,1c37ed8e121acec2b9b7f39ad91cafba3f24cee6b3b57d3449ab799cd0f89e08,0,20,FULL,0,benchmark-sensitivity-s4b-a3-ollama32768-rag2048-smoke-1c37ed8e121a-1ba71b2e4714,4b,32768,2048,sensitivity-s4b-a3-smoke,,True,C:\Users\URIELS~1\AppData\Local\Temp\benchmark-v2-all-runs-20260825\benchmark-results\benchmark-sensitivity-s4b-a3-ollama32768-rag2048-smoke\cases,C:\Users\URIELS~1\AppData\Local\Temp\benchmark-v2-all-runs-20260825\benchmark-results,C:\Users\URIELS~1\AppData\Local\Temp\benchmark-v2-all-runs-20260825\benchmark-results\benchmark-sensitivity-s4b-a3-ollama32768-rag2048-smoke,20
ef3fd6c0a559,1000,23437672,0.0,1000,sensitivity-v2-s06b-a2-recovery-1,8,C:\Users\URIELS~1\AppData\Local\Temp\benchmark-v2-all-runs-20260825\benchmark-results\benchmark-sensitivity-v2-s06b-a2-ollama16384-rag2048\configuration.json,0ac2d6a81a27cb31d1c83c1779846eba12bd1548a1411215fd47ee99f871670f,0,1000,FULL,0,benchmark-sensitivity-v2-s06b-a2-ollama16384-rag2048-0ac2d6a81a27-ef3fd6c0a559,0.6B,16384,2048,sensitivity-v2-s06b-a2-recovery-1,,False,C:\Users\URIELS~1\AppData\Local\Temp\benchmark-v2-all-runs-20260825\benchmark-results\benchmark-sensitivity-v2-s06b-a2-ollama16384-rag2048\cases,C:\Users\URIELS~1\AppData\Local\Temp\benchmark-v2-all-runs-20260825\benchmark-results,C:\Users\URIELS~1\AppData\Local\Temp\benchmark-v2-all-runs-20260825\benchmark-results\benchmark-sensitivity-v2-s06b-a2-ollama16384-rag2048,1000
789d164ee8b0,3,23665,,,,,,44136fa355b3678a1146ad16f7e8649e94fb4fc21fe77e8310c060f61caaff8a,0,3,FULL,0,attempt-1-44136fa355b3-789d164ee8b0,,,,attempt-1,,False,C:\Users\URIELS~1\AppData\Local\Temp\benchmark-v2-all-runs-20260825\benchmark-results\benchmark-sensitivity-v2-s06b-a2-ollama16384-rag2048\failed-attempts\attempt-1,C:\Users\URIELS~1\AppData\Local\Temp\benchmark-v2-all-runs-20260825\benchmark-results,C:\Users\URIELS~1\AppData\Local\Temp\benchmark-v2-all-runs-20260825\benchmark-results\benchmark-sensitivity-v2-s06b-a2-ollama16384-rag2048\failed-attempts\attempt-1,3
acc2885f4fba,2,16771,,,,,,44136fa355b3678a1146ad16f7e8649e94fb4fc21fe77e8310c060f61caaff8a,0,2,FULL,0,attempt-2-44136fa355b3-acc2885f4fba,,,,attempt-2,,False,C:\Users\URIELS~1\AppData\Local\Temp\benchmark-v2-all-runs-20260825\benchmark-results\benchmark-sensitivity-v2-s06b-a2-ollama16384-rag2048\failed-attempts\attempt-2,C:\Users\URIELS~1\AppData\Local\Temp\benchmark-v2-all-runs-20260825\benchmark-results,C:\Users\URIELS~1\AppData\Local\Temp\benchmark-v2-all-runs-20260825\benchmark-results\benchmark-sensitivity-v2-s06b-a2-ollama16384-rag2048\failed-attempts\attempt-2,2
a9b940156a02,20,444998,0.0,20,sensitivity-v2-s06b-a2-smoke,8,C:\Users\URIELS~1\AppData\Local\Temp\benchmark-v2-all-runs-20260825\benchmark-results\benchmark-sensitivity-v2-s06b-a2-ollama16384-rag2048-smoke\configuration.json,55f79a08a51b8985d0c3ef1def30188b6f907183b7d5ec4394a4baa39dd727ff,0,20,FULL,0,benchmark-sensitivity-v2-s06b-a2-ollama16384-rag2048-smoke-55f79a08a51b-a9b940156a02,0.6B,16384,2048,sensitivity-v2-s06b-a2-smoke,,True,C:\Users\URIELS~1\AppData\Local\Temp\benchmark-v2-all-runs-20260825\benchmark-results\benchmark-sensitivity-v2-s06b-a2-ollama16384-rag2048-smoke\cases,C:\Users\URIELS~1\AppData\Local\Temp\benchmark-v2-all-runs-20260825\benchmark-results,C:\Users\URIELS~1\AppData\Local\Temp\benchmark-v2-all-runs-20260825\benchmark-results\benchmark-sensitivity-v2-s06b-a2-ollama16384-rag2048-smoke,20
ec53ca58233c,1000,23434789,0.0,1000,sensitivity-v2-s06b-a3-recovery-1,8,C:\Users\URIELS~1\AppData\Local\Temp\benchmark-v2-all-runs-20260825\benchmark-results\benchmark-sensitivity-v2-s06b-a3-ollama32768-rag2048\configuration.json,9385e05af1065af827f79973f070265a6f84dce4943f5e2c5f77b27b5de8b70f,0,1000,FULL,0,benchmark-sensitivity-v2-s06b-a3-ollama32768-rag2048-9385e05af106-ec53ca58233c,0.6B,32768,2048,sensitivity-v2-s06b-a3-recovery-1,,False,C:\Users\URIELS~1\AppData\Local\Temp\benchmark-v2-all-runs-20260825\benchmark-results\benchmark-sensitivity-v2-s06b-a3-ollama32768-rag2048\cases,C:\Users\URIELS~1\AppData\Local\Temp\benchmark-v2-all-runs-20260825\benchmark-results,C:\Users\URIELS~1\AppData\Local\Temp\benchmark-v2-all-runs-20260825\benchmark-results\benchmark-sensitivity-v2-s06b-a3-ollama32768-rag2048,1000
4b0da33c0d45,6,42594,,,,,,44136fa355b3678a1146ad16f7e8649e94fb4fc21fe77e8310c060f61caaff8a,0,6,FULL,0,attempt-1-44136fa355b3-4b0da33c0d45,,,,attempt-1,,False,C:\Users\URIELS~1\AppData\Local\Temp\benchmark-v2-all-runs-20260825\benchmark-results\benchmark-sensitivity-v2-s06b-a3-ollama32768-rag2048\failed-attempts\attempt-1,C:\Users\URIELS~1\AppData\Local\Temp\benchmark-v2-all-runs-20260825\benchmark-results,C:\Users\URIELS~1\AppData\Local\Temp\benchmark-v2-all-runs-20260825\benchmark-results\benchmark-sensitivity-v2-s06b-a3-ollama32768-rag2048\failed-attempts\attempt-1,6
cd13afb70685,1,8343,,,,,,44136fa355b3678a1146ad16f7e8649e94fb4fc21fe77e8310c060f61caaff8a,0,1,FULL,0,attempt-2-44136fa355b3-cd13afb70685,,,,attempt-2,,False,C:\Users\URIELS~1\AppData\Local\Temp\benchmark-v2-all-runs-20260825\benchmark-results\benchmark-sensitivity-v2-s06b-a3-ollama32768-rag2048\failed-attempts\attempt-2,C:\Users\URIELS~1\AppData\Local\Temp\benchmark-v2-all-runs-20260825\benchmark-results,C:\Users\URIELS~1\AppData\Local\Temp\benchmark-v2-all-runs-20260825\benchmark-results\benchmark-sensitivity-v2-s06b-a3-ollama32768-rag2048\failed-attempts\attempt-2,1
2e476fc68481,20,447239,0.0,20,sensitivity-v2-s06b-a3-smoke,8,C:\Users\URIELS~1\AppData\Local\Temp\benchmark-v2-all-runs-20260825\benchmark-results\benchmark-sensitivity-v2-s06b-a3-ollama32768-rag2048-smoke\configuration.json,164ea15f70f0b1a3964af6cf605027507eadf3a6361d862d489890e4f322ed62,0,20,FULL,0,benchmark-sensitivity-v2-s06b-a3-ollama32768-rag2048-smoke-164ea15f70f0-2e476fc68481,0.6B,32768,2048,sensitivity-v2-s06b-a3-smoke,,True,C:\Users\URIELS~1\AppData\Local\Temp\benchmark-v2-all-runs-20260825\benchmark-results\benchmark-sensitivity-v2-s06b-a3-ollama32768-rag2048-smoke\cases,C:\Users\URIELS~1\AppData\Local\Temp\benchmark-v2-all-runs-20260825\benchmark-results,C:\Users\URIELS~1\AppData\Local\Temp\benchmark-v2-all-runs-20260825\benchmark-results\benchmark-sensitivity-v2-s06b-a3-ollama32768-rag2048-smoke,20
d40c557f3c33,1000,26911494,0.0,1000,sensitivity-v2-s06b-b1-recovery-1,8,C:\Users\URIELS~1\AppData\Local\Temp\benchmark-v2-all-runs-20260825\benchmark-results\benchmark-sensitivity-v2-s06b-b1-rag4096-ollama32768\configuration.json,b031df3fd07a1beaab424b64b32fc92c6f5ed616e5c1bb0daa39d597cd1b6190,0,1000,FULL,0,benchmark-sensitivity-v2-s06b-b1-rag4096-ollama32768-b031df3fd07a-d40c557f3c33,0.6B,32768,4096,sensitivity-v2-s06b-b1-recovery-1,,False,C:\Users\URIELS~1\AppData\Local\Temp\benchmark-v2-all-runs-20260825\benchmark-results\benchmark-sensitivity-v2-s06b-b1-rag4096-ollama32768\cases,C:\Users\URIELS~1\AppData\Local\Temp\benchmark-v2-all-runs-20260825\benchmark-results,C:\Users\URIELS~1\AppData\Local\Temp\benchmark-v2-all-runs-20260825\benchmark-results\benchmark-sensitivity-v2-s06b-b1-rag4096-ollama32768,1000
7149a4b703ea,6,37118,,,,,,44136fa355b3678a1146ad16f7e8649e94fb4fc21fe77e8310c060f61caaff8a,0,6,FULL,0,attempt-1-44136fa355b3-7149a4b703ea,,,,attempt-1,,False,C:\Users\URIELS~1\AppData\Local\Temp\benchmark-v2-all-runs-20260825\benchmark-results\benchmark-sensitivity-v2-s06b-b1-rag4096-ollama32768\failed-attempts\attempt-1,C:\Users\URIELS~1\AppData\Local\Temp\benchmark-v2-all-runs-20260825\benchmark-results,C:\Users\URIELS~1\AppData\Local\Temp\benchmark-v2-all-runs-20260825\benchmark-results\benchmark-sensitivity-v2-s06b-b1-rag4096-ollama32768\failed-attempts\attempt-1,6
d816f4830926,20,524802,0.0,20,sensitivity-v2-s06b-b1-smoke,8,C:\Users\URIELS~1\AppData\Local\Temp\benchmark-v2-all-runs-20260825\benchmark-results\benchmark-sensitivity-v2-s06b-b1-rag4096-ollama32768-smoke\configuration.json,5c2f8723962b34b4c2e3c69dc8cdb9fd459c7e895470f2b93d2dbc0fe7f85a96,0,20,FULL,0,benchmark-sensitivity-v2-s06b-b1-rag4096-ollama32768-smoke-5c2f8723962b-d816f4830926,0.6B,32768,4096,sensitivity-v2-s06b-b1-smoke,,True,C:\Users\URIELS~1\AppData\Local\Temp\benchmark-v2-all-runs-20260825\benchmark-results\benchmark-sensitivity-v2-s06b-b1-rag4096-ollama32768-smoke\cases,C:\Users\URIELS~1\AppData\Local\Temp\benchmark-v2-all-runs-20260825\benchmark-results,C:\Users\URIELS~1\AppData\Local\Temp\benchmark-v2-all-runs-20260825\benchmark-results\benchmark-sensitivity-v2-s06b-b1-rag4096-ollama32768-smoke,20
5417a0580071,1000,27145092,0.0,1000,sensitivity-v2-s06b-b2-recovery-2,8,C:\Users\URIELS~1\AppData\Local\Temp\benchmark-v2-all-runs-20260825\benchmark-results\benchmark-sensitivity-v2-s06b-b2-rag8192-ollama32768\configuration.json,4f51d50c636360d3f7674cffc8387f123641b746caa600f9c722eac746bc1634,0,1000,FULL,0,benchmark-sensitivity-v2-s06b-b2-rag8192-ollama32768-4f51d50c6363-5417a0580071,0.6B,32768,8192,sensitivity-v2-s06b-b2-recovery-2,,False,C:\Users\URIELS~1\AppData\Local\Temp\benchmark-v2-all-runs-20260825\benchmark-results\benchmark-sensitivity-v2-s06b-b2-rag8192-ollama32768\cases,C:\Users\URIELS~1\AppData\Local\Temp\benchmark-v2-all-runs-20260825\benchmark-results,C:\Users\URIELS~1\AppData\Local\Temp\benchmark-v2-all-runs-20260825\benchmark-results\benchmark-sensitivity-v2-s06b-b2-rag8192-ollama32768,1000
b6dffa003790,3,24172,,,,,,44136fa355b3678a1146ad16f7e8649e94fb4fc21fe77e8310c060f61caaff8a,0,3,FULL,0,attempt-1-44136fa355b3-b6dffa003790,,,,attempt-1,,False,C:\Users\URIELS~1\AppData\Local\Temp\benchmark-v2-all-runs-20260825\benchmark-results\benchmark-sensitivity-v2-s06b-b2-rag8192-ollama32768\failed-attempts\attempt-1,C:\Users\URIELS~1\AppData\Local\Temp\benchmark-v2-all-runs-20260825\benchmark-results,C:\Users\URIELS~1\AppData\Local\Temp\benchmark-v2-all-runs-20260825\benchmark-results\benchmark-sensitivity-v2-s06b-b2-rag8192-ollama32768\failed-attempts\attempt-1,3
d79dca1d3f3a,1,7095,,,,,,44136fa355b3678a1146ad16f7e8649e94fb4fc21fe77e8310c060f61caaff8a,0,1,FULL,0,attempt-2-44136fa355b3-d79dca1d3f3a,,,,attempt-2,,False,C:\Users\URIELS~1\AppData\Local\Temp\benchmark-v2-all-runs-20260825\benchmark-results\benchmark-sensitivity-v2-s06b-b2-rag8192-ollama32768\failed-attempts\attempt-2,C:\Users\URIELS~1\AppData\Local\Temp\benchmark-v2-all-runs-20260825\benchmark-results,C:\Users\URIELS~1\AppData\Local\Temp\benchmark-v2-all-runs-20260825\benchmark-results\benchmark-sensitivity-v2-s06b-b2-rag8192-ollama32768\failed-attempts\attempt-2,1
617b1dd5a998,20,529584,0.0,20,sensitivity-v2-s06b-b2-smoke,8,C:\Users\URIELS~1\AppData\Local\Temp\benchmark-v2-all-runs-20260825\benchmark-results\benchmark-sensitivity-v2-s06b-b2-rag8192-ollama32768-smoke\configuration.json,252897732cb0130f15b4e4bf811b9110ff7ecede55862b14806e7f53ea632255,0,20,FULL,0,benchmark-sensitivity-v2-s06b-b2-rag8192-ollama32768-smoke-252897732cb0-617b1dd5a998,0.6B,32768,8192,sensitivity-v2-s06b-b2-smoke,,True,C:\Users\URIELS~1\AppData\Local\Temp\benchmark-v2-all-runs-20260825\benchmark-results\benchmark-sensitivity-v2-s06b-b2-rag8192-ollama32768-smoke\cases,C:\Users\URIELS~1\AppData\Local\Temp\benchmark-v2-all-runs-20260825\benchmark-results,C:\Users\URIELS~1\AppData\Local\Temp\benchmark-v2-all-runs-20260825\benchmark-results\benchmark-sensitivity-v2-s06b-b2-rag8192-ollama32768-smoke,20
8629fc1702c9,1000,27123077,0.0,1000,sensitivity-v2-s06b-b3-recovery-2,8,C:\Users\URIELS~1\AppData\Local\Temp\benchmark-v2-all-runs-20260825\benchmark-results\benchmark-sensitivity-v2-s06b-b3-rag16384-ollama32768\configuration.json,bd469f5371b22eff3f78fec28fa114bcb9144d8ae68f16b684e92c99ad9fa0bc,0,1000,FULL,0,benchmark-sensitivity-v2-s06b-b3-rag16384-ollama32768-bd469f5371b2-8629fc1702c9,0.6B,32768,16384,sensitivity-v2-s06b-b3-recovery-2,,False,C:\Users\URIELS~1\AppData\Local\Temp\benchmark-v2-all-runs-20260825\benchmark-results\benchmark-sensitivity-v2-s06b-b3-rag16384-ollama32768\cases,C:\Users\URIELS~1\AppData\Local\Temp\benchmark-v2-all-runs-20260825\benchmark-results,C:\Users\URIELS~1\AppData\Local\Temp\benchmark-v2-all-runs-20260825\benchmark-results\benchmark-sensitivity-v2-s06b-b3-rag16384-ollama32768,1000
c15a6f252f56,5,37592,,,,,,44136fa355b3678a1146ad16f7e8649e94fb4fc21fe77e8310c060f61caaff8a,0,5,FULL,0,attempt-1-44136fa355b3-c15a6f252f56,,,,attempt-1,,False,C:\Users\URIELS~1\AppData\Local\Temp\benchmark-v2-all-runs-20260825\benchmark-results\benchmark-sensitivity-v2-s06b-b3-rag16384-ollama32768\failed-attempts\attempt-1,C:\Users\URIELS~1\AppData\Local\Temp\benchmark-v2-all-runs-20260825\benchmark-results,C:\Users\URIELS~1\AppData\Local\Temp\benchmark-v2-all-runs-20260825\benchmark-results\benchmark-sensitivity-v2-s06b-b3-rag16384-ollama32768\failed-attempts\attempt-1,5
f7872e46d2e8,1,8343,,,,,,44136fa355b3678a1146ad16f7e8649e94fb4fc21fe77e8310c060f61caaff8a,0,1,FULL,0,attempt-2-44136fa355b3-f7872e46d2e8,,,,attempt-2,,False,C:\Users\URIELS~1\AppData\Local\Temp\benchmark-v2-all-runs-20260825\benchmark-results\benchmark-sensitivity-v2-s06b-b3-rag16384-ollama32768\failed-attempts\attempt-2,C:\Users\URIELS~1\AppData\Local\Temp\benchmark-v2-all-runs-20260825\benchmark-results,C:\Users\URIELS~1\AppData\Local\Temp\benchmark-v2-all-runs-20260825\benchmark-results\benchmark-sensitivity-v2-s06b-b3-rag16384-ollama32768\failed-attempts\attempt-2,1
bd5684ffb7e7,20,531898,0.0,20,sensitivity-v2-s06b-b3-smoke,8,C:\Users\URIELS~1\AppData\Local\Temp\benchmark-v2-all-runs-20260825\benchmark-results\benchmark-sensitivity-v2-s06b-b3-rag16384-ollama32768-smoke\configuration.json,88107898278a43d4d0584eb2473d3b33bbc3a333cdada2b00c1660668da98c3b,0,20,FULL,0,benchmark-sensitivity-v2-s06b-b3-rag16384-ollama32768-smoke-88107898278a-bd5684ffb7e7,0.6B,32768,16384,sensitivity-v2-s06b-b3-smoke,,True,C:\Users\URIELS~1\AppData\Local\Temp\benchmark-v2-all-runs-20260825\benchmark-results\benchmark-sensitivity-v2-s06b-b3-rag16384-ollama32768-smoke\cases,C:\Users\URIELS~1\AppData\Local\Temp\benchmark-v2-all-runs-20260825\benchmark-results,C:\Users\URIELS~1\AppData\Local\Temp\benchmark-v2-all-runs-20260825\benchmark-results\benchmark-sensitivity-v2-s06b-b3-rag16384-ollama32768-smoke,20
7aac9477532d,1000,26807063,0.0,1000,sensitivity-v2-s4b-b1-recovery-2,8,C:\Users\URIELS~1\AppData\Local\Temp\benchmark-v2-all-runs-20260825\benchmark-results\benchmark-sensitivity-v2-s4b-b1-ollama16384-rag4096\configuration.json,ecd53f66b3226232638630535d96e73d34a62acfa589108d2befdb1ad3222f69,0,1000,FULL,0,benchmark-sensitivity-v2-s4b-b1-ollama16384-rag4096-ecd53f66b322-7aac9477532d,4b,16384,4096,sensitivity-v2-s4b-b1-recovery-2,,False,C:\Users\URIELS~1\AppData\Local\Temp\benchmark-v2-all-runs-20260825\benchmark-results\benchmark-sensitivity-v2-s4b-b1-ollama16384-rag4096\cases,C:\Users\URIELS~1\AppData\Local\Temp\benchmark-v2-all-runs-20260825\benchmark-results,C:\Users\URIELS~1\AppData\Local\Temp\benchmark-v2-all-runs-20260825\benchmark-results\benchmark-sensitivity-v2-s4b-b1-ollama16384-rag4096,1000
1de9ac0bdd54,1,7223,,,,,,44136fa355b3678a1146ad16f7e8649e94fb4fc21fe77e8310c060f61caaff8a,0,1,FULL,0,attempt-1-44136fa355b3-1de9ac0bdd54,,,,attempt-1,,False,C:\Users\URIELS~1\AppData\Local\Temp\benchmark-v2-all-runs-20260825\benchmark-results\benchmark-sensitivity-v2-s4b-b1-ollama16384-rag4096\failed-attempts\attempt-1,C:\Users\URIELS~1\AppData\Local\Temp\benchmark-v2-all-runs-20260825\benchmark-results,C:\Users\URIELS~1\AppData\Local\Temp\benchmark-v2-all-runs-20260825\benchmark-results\benchmark-sensitivity-v2-s4b-b1-ollama16384-rag4096\failed-attempts\attempt-1,1
12c3ec070275,1,7223,,,,,,44136fa355b3678a1146ad16f7e8649e94fb4fc21fe77e8310c060f61caaff8a,0,1,FULL,0,attempt-2-44136fa355b3-12c3ec070275,,,,attempt-2,,False,C:\Users\URIELS~1\AppData\Local\Temp\benchmark-v2-all-runs-20260825\benchmark-results\benchmark-sensitivity-v2-s4b-b1-ollama16384-rag4096\failed-attempts\attempt-2,C:\Users\URIELS~1\AppData\Local\Temp\benchmark-v2-all-runs-20260825\benchmark-results,C:\Users\URIELS~1\AppData\Local\Temp\benchmark-v2-all-runs-20260825\benchmark-results\benchmark-sensitivity-v2-s4b-b1-ollama16384-rag4096\failed-attempts\attempt-2,1
394c38a0ea8c,20,528014,0.0,20,sensitivity-v2-s4b-b1-smoke,8,C:\Users\URIELS~1\AppData\Local\Temp\benchmark-v2-all-runs-20260825\benchmark-results\benchmark-sensitivity-v2-s4b-b1-ollama16384-rag4096-smoke\configuration.json,deb574cecb149e231a4e4759c63141d8749a373e049fb0127a12d02b0d080109,0,20,FULL,0,benchmark-sensitivity-v2-s4b-b1-ollama16384-rag4096-smoke-deb574cecb14-394c38a0ea8c,4b,16384,4096,sensitivity-v2-s4b-b1-smoke,,True,C:\Users\URIELS~1\AppData\Local\Temp\benchmark-v2-all-runs-20260825\benchmark-results\benchmark-sensitivity-v2-s4b-b1-ollama16384-rag4096-smoke\cases,C:\Users\URIELS~1\AppData\Local\Temp\benchmark-v2-all-runs-20260825\benchmark-results,C:\Users\URIELS~1\AppData\Local\Temp\benchmark-v2-all-runs-20260825\benchmark-results\benchmark-sensitivity-v2-s4b-b1-ollama16384-rag4096-smoke,20
dc59c5c2179c,1000,27225658,0.0,1000,sensitivity-v2-s4b-b2,8,C:\Users\URIELS~1\AppData\Local\Temp\benchmark-v2-all-runs-20260825\benchmark-results\benchmark-sensitivity-v2-s4b-b2-ollama16384-rag8192\configuration.json,93231ef5df4d5145cbacc50dac3990a26a2d42322ed260fea86eefd1a75a0882,0,1000,FULL,0,benchmark-sensitivity-v2-s4b-b2-ollama16384-rag8192-93231ef5df4d-dc59c5c2179c,4b,16384,8192,sensitivity-v2-s4b-b2,,False,C:\Users\URIELS~1\AppData\Local\Temp\benchmark-v2-all-runs-20260825\benchmark-results\benchmark-sensitivity-v2-s4b-b2-ollama16384-rag8192\cases,C:\Users\URIELS~1\AppData\Local\Temp\benchmark-v2-all-runs-20260825\benchmark-results,C:\Users\URIELS~1\AppData\Local\Temp\benchmark-v2-all-runs-20260825\benchmark-results\benchmark-sensitivity-v2-s4b-b2-ollama16384-rag8192,1000
aa4a450892bf,20,531680,0.0,20,sensitivity-v2-s4b-b2-smoke,8,C:\Users\URIELS~1\AppData\Local\Temp\benchmark-v2-all-runs-20260825\benchmark-results\benchmark-sensitivity-v2-s4b-b2-ollama16384-rag8192-smoke\configuration.json,9f4cfca0050d80e8b17cec4ef0269e4b0ff48031250f15c4f3e94c308d3b0449,0,20,FULL,0,benchmark-sensitivity-v2-s4b-b2-ollama16384-rag8192-smoke-9f4cfca0050d-aa4a450892bf,4b,16384,8192,sensitivity-v2-s4b-b2-smoke,,True,C:\Users\URIELS~1\AppData\Local\Temp\benchmark-v2-all-runs-20260825\benchmark-results\benchmark-sensitivity-v2-s4b-b2-ollama16384-rag8192-smoke\cases,C:\Users\URIELS~1\AppData\Local\Temp\benchmark-v2-all-runs-20260825\benchmark-results,C:\Users\URIELS~1\AppData\Local\Temp\benchmark-v2-all-runs-20260825\benchmark-results\benchmark-sensitivity-v2-s4b-b2-ollama16384-rag8192-smoke,20
642539acfba8,1000,27240345,0.0,1000,sensitivity-v2-s4b-b3-recovery-2,8,C:\Users\URIELS~1\AppData\Local\Temp\benchmark-v2-all-runs-20260825\benchmark-results\benchmark-sensitivity-v2-s4b-b3-ollama16384-rag16384\configuration.json,2331152e2dc63796d3e563c956139216f467f4020b898f1daeeb9d27fc21e563,0,1000,FULL,0,benchmark-sensitivity-v2-s4b-b3-ollama16384-rag16384-2331152e2dc6-642539acfba8,4b,16384,16384,sensitivity-v2-s4b-b3-recovery-2,,False,C:\Users\URIELS~1\AppData\Local\Temp\benchmark-v2-all-runs-20260825\benchmark-results\benchmark-sensitivity-v2-s4b-b3-ollama16384-rag16384\cases,C:\Users\URIELS~1\AppData\Local\Temp\benchmark-v2-all-runs-20260825\benchmark-results,C:\Users\URIELS~1\AppData\Local\Temp\benchmark-v2-all-runs-20260825\benchmark-results\benchmark-sensitivity-v2-s4b-b3-ollama16384-rag16384,1000
87db193cc7f2,1,6953,,,,,,44136fa355b3678a1146ad16f7e8649e94fb4fc21fe77e8310c060f61caaff8a,0,1,FULL,0,attempt-1-44136fa355b3-87db193cc7f2,,,,attempt-1,,False,C:\Users\URIELS~1\AppData\Local\Temp\benchmark-v2-all-runs-20260825\benchmark-results\benchmark-sensitivity-v2-s4b-b3-ollama16384-rag16384\failed-attempts\attempt-1,C:\Users\URIELS~1\AppData\Local\Temp\benchmark-v2-all-runs-20260825\benchmark-results,C:\Users\URIELS~1\AppData\Local\Temp\benchmark-v2-all-runs-20260825\benchmark-results\benchmark-sensitivity-v2-s4b-b3-ollama16384-rag16384\failed-attempts\attempt-1,1
772b87b5717b,1,6958,,,,,,44136fa355b3678a1146ad16f7e8649e94fb4fc21fe77e8310c060f61caaff8a,0,1,FULL,0,attempt-2-44136fa355b3-772b87b5717b,,,,attempt-2,,False,C:\Users\URIELS~1\AppData\Local\Temp\benchmark-v2-all-runs-20260825\benchmark-results\benchmark-sensitivity-v2-s4b-b3-ollama16384-rag16384\failed-attempts\attempt-2,C:\Users\URIELS~1\AppData\Local\Temp\benchmark-v2-all-runs-20260825\benchmark-results,C:\Users\URIELS~1\AppData\Local\Temp\benchmark-v2-all-runs-20260825\benchmark-results\benchmark-sensitivity-v2-s4b-b3-ollama16384-rag16384\failed-attempts\attempt-2,1
e1340100bf7b,109,700276,,,,,,44136fa355b3678a1146ad16f7e8649e94fb4fc21fe77e8310c060f61caaff8a,0,109,FULL,0,attempt-3-44136fa355b3-e1340100bf7b,,,,attempt-3,,False,C:\Users\URIELS~1\AppData\Local\Temp\benchmark-v2-all-runs-20260825\benchmark-results\benchmark-sensitivity-v2-s4b-b3-ollama16384-rag16384\failed-attempts\attempt-3,C:\Users\URIELS~1\AppData\Local\Temp\benchmark-v2-all-runs-20260825\benchmark-results,C:\Users\URIELS~1\AppData\Local\Temp\benchmark-v2-all-runs-20260825\benchmark-results\benchmark-sensitivity-v2-s4b-b3-ollama16384-rag16384\failed-attempts\attempt-3,109
05a92bfad48e,20,533412,0.0,20,sensitivity-v2-s4b-b3-smoke,8,C:\Users\URIELS~1\AppData\Local\Temp\benchmark-v2-all-runs-20260825\benchmark-results\benchmark-sensitivity-v2-s4b-b3-ollama16384-rag16384-smoke\configuration.json,b6b17792b61fa9ceac691b2fbda4313b2e557f1cd28afdb868df3288998c37ed,0,20,FULL,0,benchmark-sensitivity-v2-s4b-b3-ollama16384-rag16384-smoke-b6b17792b61f-05a92bfad48e,4b,16384,16384,sensitivity-v2-s4b-b3-smoke,,True,C:\Users\URIELS~1\AppData\Local\Temp\benchmark-v2-all-runs-20260825\benchmark-results\benchmark-sensitivity-v2-s4b-b3-ollama16384-rag16384-smoke\cases,C:\Users\URIELS~1\AppData\Local\Temp\benchmark-v2-all-runs-20260825\benchmark-results,C:\Users\URIELS~1\AppData\Local\Temp\benchmark-v2-all-runs-20260825\benchmark-results\benchmark-sensitivity-v2-s4b-b3-ollama16384-rag16384-smoke,20
