config_a,config_b,config_hash_a,config_hash_b,parameter,value_a,value_b,metric,n_shared_case_ids,delta_b_minus_a,delta_pp_b_minus_a,ci_low,ci_high,p_value,wilcoxon_statistic_w_plus,wilcoxon_p_value,cohen_dz,resamples,seed,method,bootstrap_engine,primary_test,primary_p_value,primary_delta_pp_b_minus_a,binary_b_a_pass_b_fail,binary_c_a_fail_b_pass,binary_discordant,binary_ci95_a_low,binary_ci95_a_high,binary_ci95_b_low,binary_ci95_b_high,holm_family,holm_primary_p_value,primary_significant_alpha_0_05,holm_bootstrap_p_value,bootstrap_significant_alpha_0_05,holm_wilcoxon_p_value,wilcoxon_significant_alpha_0_05
C02,C10,30eddf760e02cdf7e3dba179e7f90456e2bd66bd418ffb4abbe93c894da1dbe8,ee6932382f3ca8c7de3e4c9caa6371a155c698514ff1de94e90a8b1a76298d07,rag_context,4096,2048,claims_recall,1000,0.0003460974523832868,0.03460974523832868,-0.003484033545080345,0.004131687691764823,0.8932,14978.0,0.9765042611778708,0.005516548651210573,10000,20260825,paired_case_bootstrap_percentile,numpy_vectorized,paired bootstrap percentile,0.8932,0.03460974523832868,,,,,,,,continuous_rag_context,1.0,False,1.0,False,1.0,False
C02,C10,30eddf760e02cdf7e3dba179e7f90456e2bd66bd418ffb4abbe93c894da1dbe8,ee6932382f3ca8c7de3e4c9caa6371a155c698514ff1de94e90a8b1a76298d07,rag_context,4096,2048,prompt_coverage,1000,0.0,0.0,0.0,0.0,1.0,,1.0,,10000,20260825,paired_case_bootstrap_percentile,numpy_vectorized,paired bootstrap percentile,1.0,0.0,,,,,,,,continuous_rag_context,1.0,False,1.0,False,1.0,False
C02,C10,30eddf760e02cdf7e3dba179e7f90456e2bd66bd418ffb4abbe93c894da1dbe8,ee6932382f3ca8c7de3e4c9caa6371a155c698514ff1de94e90a8b1a76298d07,rag_context,4096,2048,critical_fields_score,1000,-0.012,-1.2,-0.024,0.0,0.062,253.5,0.05258199841312761,-0.06164482566163815,10000,20260825,paired_case_bootstrap_percentile,numpy_vectorized,McNemar exact two-sided,0.07295138851623051,-1.200000000000001,25,13,38,0.16499470988376858,0.21339318741121788,0.15364942465804565,0.2008303148405941,continuous_rag_context,1.0,False,1.0,False,1.0,False
C02,C10,30eddf760e02cdf7e3dba179e7f90456e2bd66bd418ffb4abbe93c894da1dbe8,ee6932382f3ca8c7de3e4c9caa6371a155c698514ff1de94e90a8b1a76298d07,rag_context,4096,2048,critical_contradiction_free,1000,0.002,0.2,-0.014,0.018,0.8612,1278.0,0.8136818590598912,0.007555724751004605,10000,20260825,paired_case_bootstrap_percentile,numpy_vectorized,McNemar exact two-sided,0.9049745264594623,0.20000000000000018,34,36,70,0.781383383844143,0.8302669864457263,0.7834719955714221,0.832163067684505,continuous_rag_context,1.0,False,1.0,False,1.0,False
C02,C10,30eddf760e02cdf7e3dba179e7f90456e2bd66bd418ffb4abbe93c894da1dbe8,ee6932382f3ca8c7de3e4c9caa6371a155c698514ff1de94e90a8b1a76298d07,rag_context,4096,2048,critical_omission_free,1000,-0.013,-1.3,-0.025,-0.001,0.0348,228.0,0.03329281281083802,-0.06770478154459239,10000,20260825,paired_case_bootstrap_percentile,numpy_vectorized,McNemar exact two-sided,0.04703102743951604,-1.3000000000000012,25,12,37,0.1963781575648541,0.2477571736700857,0.1839846957823808,0.23425013117318338,continuous_rag_context,1.0,False,1.0,False,1.0,False
C02,C10,30eddf760e02cdf7e3dba179e7f90456e2bd66bd418ffb4abbe93c894da1dbe8,ee6932382f3ca8c7de3e4c9caa6371a155c698514ff1de94e90a8b1a76298d07,rag_context,4096,2048,unsupported_addition_free,1000,0.027,2.7,-0.003,0.057,0.079,14964.0,0.07574900917390742,0.0562376137723576,10000,20260825,paired_case_bootstrap_percentile,numpy_vectorized,McNemar exact two-sided,0.08692140137939716,2.7000000000000024,102,129,231,0.40754465643825316,0.4689298616139557,0.4342791187506989,0.49598875434329004,continuous_rag_context,1.0,False,1.0,False,1.0,False
C02,C10,30eddf760e02cdf7e3dba179e7f90456e2bd66bd418ffb4abbe93c894da1dbe8,ee6932382f3ca8c7de3e4c9caa6371a155c698514ff1de94e90a8b1a76298d07,rag_context,4096,2048,citation_traceability,1000,0.0,0.0,0.0,0.0,1.0,,1.0,,10000,20260825,paired_case_bootstrap_percentile,numpy_vectorized,paired bootstrap percentile,1.0,0.0,,,,,,,,continuous_rag_context,1.0,False,1.0,False,1.0,False
C02,C15,30eddf760e02cdf7e3dba179e7f90456e2bd66bd418ffb4abbe93c894da1dbe8,2cb4dcd5bbe11f45df21e07bd9baf934b025b2eefc79fce3a0fe6681157536d8,rag_context,4096,8192,claims_recall,1000,0.000499119907226433,0.049911990722643296,-0.002934440083135766,0.003953131514603336,0.788,11769.5,0.9513363764454323,0.008955541426916975,10000,20261084,paired_case_bootstrap_percentile,numpy_vectorized,paired bootstrap percentile,0.788,0.049911990722643296,,,,,,,,continuous_rag_context,1.0,False,1.0,False,1.0,False
C02,C15,30eddf760e02cdf7e3dba179e7f90456e2bd66bd418ffb4abbe93c894da1dbe8,2cb4dcd5bbe11f45df21e07bd9baf934b025b2eefc79fce3a0fe6681157536d8,rag_context,4096,8192,prompt_coverage,1000,0.0,0.0,0.0,0.0,1.0,,1.0,,10000,20261084,paired_case_bootstrap_percentile,numpy_vectorized,paired bootstrap percentile,1.0,0.0,,,,,,,,continuous_rag_context,1.0,False,1.0,False,1.0,False
C02,C15,30eddf760e02cdf7e3dba179e7f90456e2bd66bd418ffb4abbe93c894da1dbe8,2cb4dcd5bbe11f45df21e07bd9baf934b025b2eefc79fce3a0fe6681157536d8,rag_context,4096,8192,critical_fields_score,1000,-0.008,-0.8,-0.021,0.004,0.2364,328.0,0.2086818779338502,-0.04001201742553777,10000,20261084,paired_case_bootstrap_percentile,numpy_vectorized,McNemar exact two-sided,0.26818725105476915,-0.8000000000000007,24,16,40,0.16499470988376858,0.21339318741121788,0.15742689252874323,0.20502223290201207,continuous_rag_context,1.0,False,1.0,False,1.0,False
C02,C15,30eddf760e02cdf7e3dba179e7f90456e2bd66bd418ffb4abbe93c894da1dbe8,2cb4dcd5bbe11f45df21e07bd9baf934b025b2eefc79fce3a0fe6681157536d8,rag_context,4096,8192,critical_contradiction_free,1000,0.007,0.7000000000000001,-0.008,0.021,0.3722,810.0,0.3388517417714326,0.030404908511563893,10000,20261084,paired_case_bootstrap_percentile,numpy_vectorized,McNemar exact two-sided,0.4101027163746913,0.6999999999999895,23,30,53,0.781383383844143,0.8302669864457263,0.7886979748203968,0.8368988208506745,continuous_rag_context,1.0,False,1.0,False,1.0,False
C02,C15,30eddf760e02cdf7e3dba179e7f90456e2bd66bd418ffb4abbe93c894da1dbe8,2cb4dcd5bbe11f45df21e07bd9baf934b025b2eefc79fce3a0fe6681157536d8,rag_context,4096,8192,critical_omission_free,1000,-0.008,-0.8,-0.021,0.005,0.2326,328.0,0.2086818779338502,-0.04001201742553777,10000,20261084,paired_case_bootstrap_percentile,numpy_vectorized,McNemar exact two-sided,0.26818725105476915,-0.8000000000000007,24,16,40,0.1963781575648541,0.2477571736700857,0.18874695684098677,0.2394496025297219,continuous_rag_context,1.0,False,1.0,False,1.0,False
C02,C15,30eddf760e02cdf7e3dba179e7f90456e2bd66bd418ffb4abbe93c894da1dbe8,2cb4dcd5bbe11f45df21e07bd9baf934b025b2eefc79fce3a0fe6681157536d8,rag_context,4096,8192,unsupported_addition_free,1000,0.017,1.7000000000000002,-0.01,0.043,0.2178,8633.0,0.20161859326011417,0.04042033170843019,10000,20261084,paired_case_bootstrap_percentile,numpy_vectorized,McNemar exact two-sided,0.22902156233365842,1.7000000000000015,80,97,177,0.40754465643825316,0.4689298616139557,0.42436684599858754,0.48597756226511246,continuous_rag_context,1.0,False,1.0,False,1.0,False
C02,C15,30eddf760e02cdf7e3dba179e7f90456e2bd66bd418ffb4abbe93c894da1dbe8,2cb4dcd5bbe11f45df21e07bd9baf934b025b2eefc79fce3a0fe6681157536d8,rag_context,4096,8192,citation_traceability,1000,0.0,0.0,0.0,0.0,1.0,,1.0,,10000,20261084,paired_case_bootstrap_percentile,numpy_vectorized,paired bootstrap percentile,1.0,0.0,,,,,,,,continuous_rag_context,1.0,False,1.0,False,1.0,False
C02,C16,30eddf760e02cdf7e3dba179e7f90456e2bd66bd418ffb4abbe93c894da1dbe8,dbdd606368eeb5a57a47b2b72ed988ad18ae778d67ce9de530c281942d8108b4,rag_context,4096,16384,claims_recall,1000,0.001465318379534767,0.1465318379534767,-0.001745824282459826,0.0047731386592992555,0.378,11305.0,0.6154017929706375,0.028223365315077905,10000,20261343,paired_case_bootstrap_percentile,numpy_vectorized,paired bootstrap percentile,0.378,0.1465318379534767,,,,,,,,continuous_rag_context,1.0,False,1.0,False,1.0,False
C02,C16,30eddf760e02cdf7e3dba179e7f90456e2bd66bd418ffb4abbe93c894da1dbe8,dbdd606368eeb5a57a47b2b72ed988ad18ae778d67ce9de530c281942d8108b4,rag_context,4096,16384,prompt_coverage,1000,0.0,0.0,0.0,0.0,1.0,,1.0,,10000,20261343,paired_case_bootstrap_percentile,numpy_vectorized,paired bootstrap percentile,1.0,0.0,,,,,,,,continuous_rag_context,1.0,False,1.0,False,1.0,False
C02,C16,30eddf760e02cdf7e3dba179e7f90456e2bd66bd418ffb4abbe93c894da1dbe8,dbdd606368eeb5a57a47b2b72ed988ad18ae778d67ce9de530c281942d8108b4,rag_context,4096,16384,critical_fields_score,1000,-0.005,-0.5,-0.017,0.007,0.4718,340.0,0.42799088296848875,-0.02531393651044632,10000,20261343,paired_case_bootstrap_percentile,numpy_vectorized,McNemar exact two-sided,0.5223973804968409,-0.5000000000000004,22,17,39,0.16499470988376858,0.21339318741121788,0.16026284116890502,0.20816332371093696,continuous_rag_context,1.0,False,1.0,False,1.0,False
C02,C16,30eddf760e02cdf7e3dba179e7f90456e2bd66bd418ffb4abbe93c894da1dbe8,dbdd606368eeb5a57a47b2b72ed988ad18ae778d67ce9de530c281942d8108b4,rag_context,4096,16384,critical_contradiction_free,1000,0.0,0.0,-0.015,0.015,1.0,798.0,1.0,0.0,10000,20261343,paired_case_bootstrap_percentile,numpy_vectorized,McNemar exact two-sided,1.0,0.0,28,28,56,0.781383383844143,0.8302669864457263,0.781383383844143,0.8302669864457263,continuous_rag_context,1.0,False,1.0,False,1.0,False
C02,C16,30eddf760e02cdf7e3dba179e7f90456e2bd66bd418ffb4abbe93c894da1dbe8,dbdd606368eeb5a57a47b2b72ed988ad18ae778d67ce9de530c281942d8108b4,rag_context,4096,16384,critical_omission_free,1000,-0.004,-0.4,-0.016,0.008,0.5488,262.5,0.4989172139709125,-0.02168730004059628,10000,20261343,paired_case_bootstrap_percentile,numpy_vectorized,McNemar exact two-sided,0.6075913612730801,-0.40000000000000036,19,15,34,0.1963781575648541,0.2477571736700857,0.19256080207751963,0.24360514322530458,continuous_rag_context,1.0,False,1.0,False,1.0,False
C02,C16,30eddf760e02cdf7e3dba179e7f90456e2bd66bd418ffb4abbe93c894da1dbe8,dbdd606368eeb5a57a47b2b72ed988ad18ae778d67ce9de530c281942d8108b4,rag_context,4096,16384,unsupported_addition_free,1000,-0.005,-0.5,-0.031,0.021,0.7312,7308.0,0.7044880663837446,-0.012016032071277438,10000,20261343,paired_case_bootstrap_percentile,numpy_vectorized,McNemar exact two-sided,0.7611429709016675,-0.5000000000000004,89,84,173,0.40754465643825316,0.4689298616139557,0.4026038718810217,0.46390891375604265,continuous_rag_context,1.0,False,1.0,False,1.0,False
C02,C16,30eddf760e02cdf7e3dba179e7f90456e2bd66bd418ffb4abbe93c894da1dbe8,dbdd606368eeb5a57a47b2b72ed988ad18ae778d67ce9de530c281942d8108b4,rag_context,4096,16384,citation_traceability,1000,0.0,0.0,0.0,0.0,1.0,,1.0,,10000,20261343,paired_case_bootstrap_percentile,numpy_vectorized,paired bootstrap percentile,1.0,0.0,,,,,,,,continuous_rag_context,1.0,False,1.0,False,1.0,False
C03,C11,612693e89257efbea556329e409e00795052eda6d9d0ad9499ad7c050057cc23,a000db175227b76b84ada383d5bc825c2699cc39492749c401abf1cc70808c77,rag_context,8192,2048,claims_recall,1000,0.0026922300772690214,0.2692230077269021,-0.0008899574207637845,0.006326607298540912,0.1506,16162.0,0.2702441986654944,0.04579289809645156,10000,20261602,paired_case_bootstrap_percentile,numpy_vectorized,paired bootstrap percentile,0.1506,0.2692230077269021,,,,,,,,continuous_rag_context,1.0,False,1.0,False,1.0,False
C03,C11,612693e89257efbea556329e409e00795052eda6d9d0ad9499ad7c050057cc23,a000db175227b76b84ada383d5bc825c2699cc39492749c401abf1cc70808c77,rag_context,8192,2048,prompt_coverage,1000,0.0,0.0,0.0,0.0,1.0,,1.0,,10000,20261602,paired_case_bootstrap_percentile,numpy_vectorized,paired bootstrap percentile,1.0,0.0,,,,,,,,continuous_rag_context,1.0,False,1.0,False,1.0,False
C03,C11,612693e89257efbea556329e409e00795052eda6d9d0ad9499ad7c050057cc23,a000db175227b76b84ada383d5bc825c2699cc39492749c401abf1cc70808c77,rag_context,8192,2048,critical_fields_score,1000,-0.001,-0.1,-0.014,0.012,0.9456,506.0,0.8866141203759427,-0.0047117399487128465,10000,20261602,paired_case_bootstrap_percentile,numpy_vectorized,McNemar exact two-sided,1.0,-0.10000000000000009,23,22,45,0.15742689252874323,0.20502223290201207,0.1564821152191892,0.20397466372853723,continuous_rag_context,1.0,False,1.0,False,1.0,False
C03,C11,612693e89257efbea556329e409e00795052eda6d9d0ad9499ad7c050057cc23,a000db175227b76b84ada383d5bc825c2699cc39492749c401abf1cc70808c77,rag_context,8192,2048,critical_contradiction_free,1000,0.002,0.2,-0.014,0.019,0.859,1425.0,0.8185616573962823,0.0073486678436779865,10000,20261602,paired_case_bootstrap_percentile,numpy_vectorized,McNemar exact two-sided,0.9075606176124987,0.20000000000000018,36,38,74,0.7834719955714221,0.832163067684505,0.7855616182967687,0.8340581379252162,continuous_rag_context,1.0,False,1.0,False,1.0,False
C03,C11,612693e89257efbea556329e409e00795052eda6d9d0ad9499ad7c050057cc23,a000db175227b76b84ada383d5bc825c2699cc39492749c401abf1cc70808c77,rag_context,8192,2048,critical_omission_free,1000,0.002,0.2,-0.01,0.014,0.818,390.0,0.7519085463395643,0.01025519210713416,10000,20261602,paired_case_bootstrap_percentile,numpy_vectorized,McNemar exact two-sided,0.8714146793645341,0.20000000000000018,18,20,38,0.1849366933157235,0.23529048012286963,0.18684137276354604,0.23737049364110482,continuous_rag_context,1.0,False,1.0,False,1.0,False
C03,C11,612693e89257efbea556329e409e00795052eda6d9d0ad9499ad7c050057cc23,a000db175227b76b84ada383d5bc825c2699cc39492749c401abf1cc70808c77,rag_context,8192,2048,unsupported_addition_free,1000,0.036,3.5999999999999996,0.007,0.064,0.0164,13906.5,0.014784750578191215,0.07729506754015175,10000,20261602,paired_case_bootstrap_percentile,numpy_vectorized,McNemar exact two-sided,0.01756222195277844,3.599999999999998,91,127,218,0.4105106415843448,0.47194091591695075,0.44619023214492903,0.5079857987454065,continuous_rag_context,1.0,False,1.0,False,1.0,False
C03,C11,612693e89257efbea556329e409e00795052eda6d9d0ad9499ad7c050057cc23,a000db175227b76b84ada383d5bc825c2699cc39492749c401abf1cc70808c77,rag_context,8192,2048,citation_traceability,1000,0.0,0.0,0.0,0.0,1.0,,1.0,,10000,20261602,paired_case_bootstrap_percentile,numpy_vectorized,paired bootstrap percentile,1.0,0.0,,,,,,,,continuous_rag_context,1.0,False,1.0,False,1.0,False
C03,C15,612693e89257efbea556329e409e00795052eda6d9d0ad9499ad7c050057cc23,2cb4dcd5bbe11f45df21e07bd9baf934b025b2eefc79fce3a0fe6681157536d8,ollama_context,32768,16384,claims_recall,1000,0.0007028245399594597,0.07028245399594597,-0.0028323429074038325,0.004287221345448542,0.703,10799.5,0.7528714305872687,0.012268318581934366,10000,20261861,paired_case_bootstrap_percentile,numpy_vectorized,paired bootstrap percentile,0.703,0.07028245399594597,,,,,,,,continuous_ollama_context,1.0,False,1.0,False,1.0,False
C03,C15,612693e89257efbea556329e409e00795052eda6d9d0ad9499ad7c050057cc23,2cb4dcd5bbe11f45df21e07bd9baf934b025b2eefc79fce3a0fe6681157536d8,ollama_context,32768,16384,prompt_coverage,1000,0.0,0.0,0.0,0.0,1.0,,1.0,,10000,20261861,paired_case_bootstrap_percentile,numpy_vectorized,paired bootstrap percentile,1.0,0.0,,,,,,,,continuous_ollama_context,1.0,False,1.0,False,1.0,False
C03,C15,612693e89257efbea556329e409e00795052eda6d9d0ad9499ad7c050057cc23,2cb4dcd5bbe11f45df21e07bd9baf934b025b2eefc79fce3a0fe6681157536d8,ollama_context,32768,16384,critical_fields_score,1000,0.0,0.0,-0.012,0.012,1.0,333.0,1.0,0.0,10000,20261861,paired_case_bootstrap_percentile,numpy_vectorized,McNemar exact two-sided,1.0,0.0,18,18,36,0.15742689252874323,0.20502223290201207,0.15742689252874323,0.20502223290201207,continuous_ollama_context,1.0,False,1.0,False,1.0,False
C03,C15,612693e89257efbea556329e409e00795052eda6d9d0ad9499ad7c050057cc23,2cb4dcd5bbe11f45df21e07bd9baf934b025b2eefc79fce3a0fe6681157536d8,ollama_context,32768,16384,critical_contradiction_free,1000,0.005,0.5,-0.009,0.019,0.543,675.0,0.4785904718294778,0.022582162389659582,10000,20261861,paired_case_bootstrap_percentile,numpy_vectorized,McNemar exact two-sided,0.5681724128491652,0.49999999999998934,22,27,49,0.7834719955714221,0.832163067684505,0.7886979748203968,0.8368988208506745,continuous_ollama_context,1.0,False,1.0,False,1.0,False
C03,C15,612693e89257efbea556329e409e00795052eda6d9d0ad9499ad7c050057cc23,2cb4dcd5bbe11f45df21e07bd9baf934b025b2eefc79fce3a0fe6681157536d8,ollama_context,32768,16384,critical_omission_free,1000,0.004,0.4,-0.008,0.015,0.5506,370.0,0.5107581362039657,0.021075991579900432,10000,20261861,paired_case_bootstrap_percentile,numpy_vectorized,McNemar exact two-sided,0.617719317029696,0.40000000000000036,16,20,36,0.1849366933157235,0.23529048012286963,0.18874695684098677,0.2394496025297219,continuous_ollama_context,1.0,False,1.0,False,1.0,False
C03,C15,612693e89257efbea556329e409e00795052eda6d9d0ad9499ad7c050057cc23,2cb4dcd5bbe11f45df21e07bd9baf934b025b2eefc79fce3a0fe6681157536d8,ollama_context,32768,16384,unsupported_addition_free,1000,0.014,1.4000000000000001,-0.011,0.039,0.2844,7515.0,0.27762005466844364,0.03436475705524724,10000,20261861,paired_case_bootstrap_percentile,numpy_vectorized,McNemar exact two-sided,0.31297421130644776,1.4000000000000012,76,90,166,0.4105106415843448,0.47194091591695075,0.42436684599858754,0.48597756226511246,continuous_ollama_context,1.0,False,1.0,False,1.0,False
C03,C15,612693e89257efbea556329e409e00795052eda6d9d0ad9499ad7c050057cc23,2cb4dcd5bbe11f45df21e07bd9baf934b025b2eefc79fce3a0fe6681157536d8,ollama_context,32768,16384,citation_traceability,1000,0.0,0.0,0.0,0.0,1.0,,1.0,,10000,20261861,paired_case_bootstrap_percentile,numpy_vectorized,paired bootstrap percentile,1.0,0.0,,,,,,,,continuous_ollama_context,1.0,False,1.0,False,1.0,False
C03,C18,612693e89257efbea556329e409e00795052eda6d9d0ad9499ad7c050057cc23,482db16b9cb3a7957d8b26c1b0659482936374cd0dda8de0c039e385731dc1a1,embedding_model,4B,0.6B,claims_recall,1000,0.0018980737377472972,0.18980737377472973,-0.0022087898772702916,0.006040117698520495,0.364,19862.0,0.4353217256833851,0.02876093605435259,10000,20262120,paired_case_bootstrap_percentile,numpy_vectorized,paired bootstrap percentile,0.364,0.18980737377472973,,,,,,,,continuous_embedding_model,1.0,False,1.0,False,1.0,False
C03,C18,612693e89257efbea556329e409e00795052eda6d9d0ad9499ad7c050057cc23,482db16b9cb3a7957d8b26c1b0659482936374cd0dda8de0c039e385731dc1a1,embedding_model,4B,0.6B,prompt_coverage,1000,0.0,0.0,0.0,0.0,1.0,,1.0,,10000,20262120,paired_case_bootstrap_percentile,numpy_vectorized,paired bootstrap percentile,1.0,0.0,,,,,,,,continuous_embedding_model,1.0,False,1.0,False,1.0,False
C03,C18,612693e89257efbea556329e409e00795052eda6d9d0ad9499ad7c050057cc23,482db16b9cb3a7957d8b26c1b0659482936374cd0dda8de0c039e385731dc1a1,embedding_model,4B,0.6B,critical_fields_score,1000,-0.007,-0.7000000000000001,-0.021,0.007,0.3742,672.0,0.3476978378105059,-0.029846470715340998,10000,20262120,paired_case_bootstrap_percentile,numpy_vectorized,McNemar exact two-sided,0.41875418826901556,-0.7000000000000006,31,24,55,0.15742689252874323,0.20502223290201207,0.1508192344529515,0.19768346559660158,continuous_embedding_model,1.0,False,1.0,False,1.0,False
C03,C18,612693e89257efbea556329e409e00795052eda6d9d0ad9499ad7c050057cc23,482db16b9cb3a7957d8b26c1b0659482936374cd0dda8de0c039e385731dc1a1,embedding_model,4B,0.6B,critical_contradiction_free,1000,0.004,0.4,-0.013,0.02,0.662,1313.5,0.6349832796931014,0.015112745009706049,10000,20262120,paired_case_bootstrap_percentile,numpy_vectorized,McNemar exact two-sided,0.7202027723528613,0.39999999999998925,33,37,70,0.7834719955714221,0.832163067684505,0.7876522642371055,0.8359521849509368,continuous_embedding_model,1.0,False,1.0,False,1.0,False
C03,C18,612693e89257efbea556329e409e00795052eda6d9d0ad9499ad7c050057cc23,482db16b9cb3a7957d8b26c1b0659482936374cd0dda8de0c039e385731dc1a1,embedding_model,4B,0.6B,critical_omission_free,1000,0.001,0.1,-0.013,0.015,0.9426,729.0,0.8947682552904862,0.004341590981778613,10000,20262120,paired_case_bootstrap_percentile,numpy_vectorized,McNemar exact two-sided,1.0,0.10000000000000009,26,27,53,0.1849366933157235,0.23529048012286963,0.18588891937362567,0.23633060054799632,continuous_embedding_model,1.0,False,1.0,False,1.0,False
C03,C18,612693e89257efbea556329e409e00795052eda6d9d0ad9499ad7c050057cc23,482db16b9cb3a7957d8b26c1b0659482936374cd0dda8de0c039e385731dc1a1,embedding_model,4B,0.6B,unsupported_addition_free,1000,0.117,11.700000000000001,0.083,0.15,0.0,33755.0,3.7693696401959186e-11,0.21375056280499413,10000,20262120,paired_case_bootstrap_percentile,numpy_vectorized,McNemar exact two-sided,3.268906092689847e-11,11.700000000000005,98,215,313,0.4105106415843448,0.47194091591695075,0.5270556511526086,0.5885004448630671,continuous_embedding_model,6.864702794648678e-10,True,0.0,True,7.915676244411429e-10,True
C03,C18,612693e89257efbea556329e409e00795052eda6d9d0ad9499ad7c050057cc23,482db16b9cb3a7957d8b26c1b0659482936374cd0dda8de0c039e385731dc1a1,embedding_model,4B,0.6B,citation_traceability,1000,0.0,0.0,0.0,0.0,1.0,,1.0,,10000,20262120,paired_case_bootstrap_percentile,numpy_vectorized,paired bootstrap percentile,1.0,0.0,,,,,,,,continuous_embedding_model,1.0,False,1.0,False,1.0,False
C05,C12,7ce896085f32bbb04957d3d116ef1a0fa66582bd47e5c9166658242e0410b5ee,879abd4533d9b0d07cf69a913c703cad4efe623dc6ecaeb99df9cef8b7a7581d,ollama_context,8192,16384,claims_recall,1000,-0.0002722779349921078,-0.02722779349921078,-0.0033711096255332248,0.002885417059234299,0.8706,9015.0,0.8419690626669935,-0.005349227406265681,10000,20262379,paired_case_bootstrap_percentile,numpy_vectorized,paired bootstrap percentile,0.8706,-0.02722779349921078,,,,,,,,continuous_ollama_context,1.0,False,1.0,False,1.0,False
C05,C12,7ce896085f32bbb04957d3d116ef1a0fa66582bd47e5c9166658242e0410b5ee,879abd4533d9b0d07cf69a913c703cad4efe623dc6ecaeb99df9cef8b7a7581d,ollama_context,8192,16384,prompt_coverage,1000,0.0,0.0,0.0,0.0,1.0,,1.0,,10000,20262379,paired_case_bootstrap_percentile,numpy_vectorized,paired bootstrap percentile,1.0,0.0,,,,,,,,continuous_ollama_context,1.0,False,1.0,False,1.0,False
C05,C12,7ce896085f32bbb04957d3d116ef1a0fa66582bd47e5c9166658242e0410b5ee,879abd4533d9b0d07cf69a913c703cad4efe623dc6ecaeb99df9cef8b7a7581d,ollama_context,8192,16384,critical_fields_score,1000,-0.003,-0.3,-0.015,0.009,0.6762,288.0,0.6186941334606745,-0.016029715767989353,10000,20262379,paired_case_bootstrap_percentile,numpy_vectorized,McNemar exact two-sided,0.7358788008568808,-0.30000000000000027,19,16,35,0.1631011791493255,0.21130202517960314,0.16026284116890502,0.20816332371093696,continuous_ollama_context,1.0,False,1.0,False,1.0,False
C05,C12,7ce896085f32bbb04957d3d116ef1a0fa66582bd47e5c9166658242e0410b5ee,879abd4533d9b0d07cf69a913c703cad4efe623dc6ecaeb99df9cef8b7a7581d,ollama_context,8192,16384,critical_contradiction_free,1000,-0.012,-1.2,-0.024,0.0,0.0564,253.5,0.05258199841312761,-0.06164482566163815,10000,20262379,paired_case_bootstrap_percentile,numpy_vectorized,McNemar exact two-sided,0.07295138851623051,-1.19999999999999,25,13,38,0.7991696851594058,0.8463505753419543,0.7866068125887822,0.8350052901162315,continuous_ollama_context,1.0,False,1.0,False,1.0,False
C05,C12,7ce896085f32bbb04957d3d116ef1a0fa66582bd47e5c9166658242e0410b5ee,879abd4533d9b0d07cf69a913c703cad4efe623dc6ecaeb99df9cef8b7a7581d,ollama_context,8192,16384,critical_omission_free,1000,-0.01,-1.0,-0.022,0.002,0.1156,273.0,0.10655016779497782,-0.05134085999487341,10000,20262379,paired_case_bootstrap_percentile,numpy_vectorized,McNemar exact two-sided,0.14330665429588407,-1.0000000000000009,24,14,38,0.1954234933890366,0.24671949136287427,0.18588891937362567,0.23633060054799632,continuous_ollama_context,1.0,False,1.0,False,1.0,False
C05,C12,7ce896085f32bbb04957d3d116ef1a0fa66582bd47e5c9166658242e0410b5ee,879abd4533d9b0d07cf69a913c703cad4efe623dc6ecaeb99df9cef8b7a7581d,ollama_context,8192,16384,unsupported_addition_free,1000,-0.02,-2.0,-0.046,0.006,0.1348,6574.0,0.12748268152653786,-0.04825630869297121,10000,20262379,paired_case_bootstrap_percentile,numpy_vectorized,McNemar exact two-sided,0.14719624433825096,-1.9999999999999907,96,76,172,0.5511729797517128,0.612199431856656,0.5310701383860444,0.5924553435617469,continuous_ollama_context,1.0,False,1.0,False,1.0,False
C05,C12,7ce896085f32bbb04957d3d116ef1a0fa66582bd47e5c9166658242e0410b5ee,879abd4533d9b0d07cf69a913c703cad4efe623dc6ecaeb99df9cef8b7a7581d,ollama_context,8192,16384,citation_traceability,1000,0.0,0.0,0.0,0.0,1.0,,1.0,,10000,20262379,paired_case_bootstrap_percentile,numpy_vectorized,paired bootstrap percentile,1.0,0.0,,,,,,,,continuous_ollama_context,1.0,False,1.0,False,1.0,False
C05,C13,7ce896085f32bbb04957d3d116ef1a0fa66582bd47e5c9166658242e0410b5ee,a86b9fef45fab9019b4933934c2b5c068fe6c1d18d87de8304992dcbd081ab3d,ollama_context,8192,32768,claims_recall,1000,-0.0019436309493574258,-0.19436309493574258,-0.0053378041129134215,0.0012837031136775188,0.2506,8310.5,0.2163827146010906,-0.03610367317470799,10000,20262638,paired_case_bootstrap_percentile,numpy_vectorized,paired bootstrap percentile,0.2506,-0.19436309493574258,,,,,,,,continuous_ollama_context,1.0,False,1.0,False,1.0,False
C05,C13,7ce896085f32bbb04957d3d116ef1a0fa66582bd47e5c9166658242e0410b5ee,a86b9fef45fab9019b4933934c2b5c068fe6c1d18d87de8304992dcbd081ab3d,ollama_context,8192,32768,prompt_coverage,1000,0.0,0.0,0.0,0.0,1.0,,1.0,,10000,20262638,paired_case_bootstrap_percentile,numpy_vectorized,paired bootstrap percentile,1.0,0.0,,,,,,,,continuous_ollama_context,1.0,False,1.0,False,1.0,False
C05,C13,7ce896085f32bbb04957d3d116ef1a0fa66582bd47e5c9166658242e0410b5ee,a86b9fef45fab9019b4933934c2b5c068fe6c1d18d87de8304992dcbd081ab3d,ollama_context,8192,32768,critical_fields_score,1000,-0.007,-0.7000000000000001,-0.018,0.004,0.2398,192.0,0.2127600694353635,-0.03976888744053843,10000,20262638,paired_case_bootstrap_percentile,numpy_vectorized,McNemar exact two-sided,0.28104151505976915,-0.7000000000000006,19,12,31,0.1631011791493255,0.21130202517960314,0.1564821152191892,0.20397466372853723,continuous_ollama_context,1.0,False,1.0,False,1.0,False
C05,C13,7ce896085f32bbb04957d3d116ef1a0fa66582bd47e5c9166658242e0410b5ee,a86b9fef45fab9019b4933934c2b5c068fe6c1d18d87de8304992dcbd081ab3d,ollama_context,8192,32768,critical_contradiction_free,1000,0.002,0.2,-0.008,0.012,0.772,217.5,0.7151627523857104,0.011947161854697555,10000,20262638,paired_case_bootstrap_percentile,numpy_vectorized,McNemar exact two-sided,0.8505540192127228,0.20000000000000018,13,15,28,0.7991696851594058,0.8463505753419543,0.8012673037329014,0.8482376497345165,continuous_ollama_context,1.0,False,1.0,False,1.0,False
C05,C13,7ce896085f32bbb04957d3d116ef1a0fa66582bd47e5c9166658242e0410b5ee,a86b9fef45fab9019b4933934c2b5c068fe6c1d18d87de8304992dcbd081ab3d,ollama_context,8192,32768,critical_omission_free,1000,-0.012,-1.2,-0.023,-0.001,0.0446,192.5,0.04054206150096406,-0.06518477445244311,10000,20262638,paired_case_bootstrap_percentile,numpy_vectorized,McNemar exact two-sided,0.05761267291381955,-1.200000000000001,23,11,34,0.1954234933890366,0.24671949136287427,0.1839846957823808,0.23425013117318338,continuous_ollama_context,1.0,False,1.0,False,1.0,False
C05,C13,7ce896085f32bbb04957d3d116ef1a0fa66582bd47e5c9166658242e0410b5ee,a86b9fef45fab9019b4933934c2b5c068fe6c1d18d87de8304992dcbd081ab3d,ollama_context,8192,32768,unsupported_addition_free,1000,0.0,0.0,-0.023,0.024,1.0,5513.0,1.0,0.0,10000,20262638,paired_case_bootstrap_percentile,numpy_vectorized,McNemar exact two-sided,1.0,0.0,74,74,148,0.5511729797517128,0.612199431856656,0.5511729797517128,0.612199431856656,continuous_ollama_context,1.0,False,1.0,False,1.0,False
C05,C13,7ce896085f32bbb04957d3d116ef1a0fa66582bd47e5c9166658242e0410b5ee,a86b9fef45fab9019b4933934c2b5c068fe6c1d18d87de8304992dcbd081ab3d,ollama_context,8192,32768,citation_traceability,1000,0.0,0.0,0.0,0.0,1.0,,1.0,,10000,20262638,paired_case_bootstrap_percentile,numpy_vectorized,paired bootstrap percentile,1.0,0.0,,,,,,,,continuous_ollama_context,1.0,False,1.0,False,1.0,False
C10,C11,ee6932382f3ca8c7de3e4c9caa6371a155c698514ff1de94e90a8b1a76298d07,a000db175227b76b84ada383d5bc825c2699cc39492749c401abf1cc70808c77,ollama_context,16384,32768,claims_recall,1000,0.002142427992152708,0.2142427992152708,-0.0012056794728050517,0.005452415882557807,0.2072,12827.5,0.3389089838095312,0.04024880360288345,10000,20262897,paired_case_bootstrap_percentile,numpy_vectorized,paired bootstrap percentile,0.2072,0.2142427992152708,,,,,,,,continuous_ollama_context,1.0,False,1.0,False,1.0,False
C10,C11,ee6932382f3ca8c7de3e4c9caa6371a155c698514ff1de94e90a8b1a76298d07,a000db175227b76b84ada383d5bc825c2699cc39492749c401abf1cc70808c77,ollama_context,16384,32768,prompt_coverage,1000,0.0,0.0,0.0,0.0,1.0,,1.0,,10000,20262897,paired_case_bootstrap_percentile,numpy_vectorized,paired bootstrap percentile,1.0,0.0,,,,,,,,continuous_ollama_context,1.0,False,1.0,False,1.0,False
C10,C11,ee6932382f3ca8c7de3e4c9caa6371a155c698514ff1de94e90a8b1a76298d07,a000db175227b76b84ada383d5bc825c2699cc39492749c401abf1cc70808c77,ollama_context,16384,32768,critical_fields_score,1000,0.003,0.3,-0.008,0.014,0.6652,306.0,0.6086558346395179,0.016508448488892342,10000,20262897,paired_case_bootstrap_percentile,numpy_vectorized,McNemar exact two-sided,0.7283324808813632,0.30000000000000027,15,18,33,0.15364942465804565,0.2008303148405941,0.1564821152191892,0.20397466372853723,continuous_ollama_context,1.0,False,1.0,False,1.0,False
C10,C11,ee6932382f3ca8c7de3e4c9caa6371a155c698514ff1de94e90a8b1a76298d07,a000db175227b76b84ada383d5bc825c2699cc39492749c401abf1cc70808c77,ollama_context,16384,32768,critical_contradiction_free,1000,0.002,0.2,-0.011,0.015024999999999636,0.8268,564.0,0.7728800055085137,0.009320789652681979,10000,20262897,paired_case_bootstrap_percentile,numpy_vectorized,McNemar exact two-sided,0.8829959121223965,0.20000000000000018,22,24,46,0.7834719955714221,0.832163067684505,0.7855616182967687,0.8340581379252162,continuous_ollama_context,1.0,False,1.0,False,1.0,False
C10,C11,ee6932382f3ca8c7de3e4c9caa6371a155c698514ff1de94e90a8b1a76298d07,a000db175227b76b84ada383d5bc825c2699cc39492749c401abf1cc70808c77,ollama_context,16384,32768,critical_omission_free,1000,0.003,0.3,-0.007,0.014,0.6462,240.0,0.5859555137916794,0.017610528959307897,10000,20262897,paired_case_bootstrap_percentile,numpy_vectorized,McNemar exact two-sided,0.711071103811264,0.30000000000000027,13,16,29,0.1839846957823808,0.23425013117318338,0.18684137276354604,0.23737049364110482,continuous_ollama_context,1.0,False,1.0,False,1.0,False
C10,C11,ee6932382f3ca8c7de3e4c9caa6371a155c698514ff1de94e90a8b1a76298d07,a000db175227b76b84ada383d5bc825c2699cc39492749c401abf1cc70808c77,ollama_context,16384,32768,unsupported_addition_free,1000,0.012,1.2,-0.013,0.036,0.3468,6594.0,0.3371815564763488,0.030381011364918085,10000,20262897,paired_case_bootstrap_percentile,numpy_vectorized,McNemar exact two-sided,0.3785370170481047,1.1999999999999955,72,84,156,0.4342791187506989,0.49598875434329004,0.44619023214492903,0.5079857987454065,continuous_ollama_context,1.0,False,1.0,False,1.0,False
C10,C11,ee6932382f3ca8c7de3e4c9caa6371a155c698514ff1de94e90a8b1a76298d07,a000db175227b76b84ada383d5bc825c2699cc39492749c401abf1cc70808c77,ollama_context,16384,32768,citation_traceability,1000,0.0,0.0,0.0,0.0,1.0,,1.0,,10000,20262897,paired_case_bootstrap_percentile,numpy_vectorized,paired bootstrap percentile,1.0,0.0,,,,,,,,continuous_ollama_context,1.0,False,1.0,False,1.0,False
C10,C12,ee6932382f3ca8c7de3e4c9caa6371a155c698514ff1de94e90a8b1a76298d07,879abd4533d9b0d07cf69a913c703cad4efe623dc6ecaeb99df9cef8b7a7581d,embedding_model,4B,0.6B,claims_recall,1000,0.0003876779398165352,0.03876779398165352,-0.003474739037875382,0.004181107608028837,0.8528,19115.5,0.8378623586730528,0.006264810139041214,10000,20263156,paired_case_bootstrap_percentile,numpy_vectorized,paired bootstrap percentile,0.8528,0.03876779398165352,,,,,,,,continuous_embedding_model,1.0,False,1.0,False,1.0,False
C10,C12,ee6932382f3ca8c7de3e4c9caa6371a155c698514ff1de94e90a8b1a76298d07,879abd4533d9b0d07cf69a913c703cad4efe623dc6ecaeb99df9cef8b7a7581d,embedding_model,4B,0.6B,prompt_coverage,1000,0.0,0.0,0.0,0.0,1.0,,1.0,,10000,20263156,paired_case_bootstrap_percentile,numpy_vectorized,paired bootstrap percentile,1.0,0.0,,,,,,,,continuous_embedding_model,1.0,False,1.0,False,1.0,False
C10,C12,ee6932382f3ca8c7de3e4c9caa6371a155c698514ff1de94e90a8b1a76298d07,879abd4533d9b0d07cf69a913c703cad4efe623dc6ecaeb99df9cef8b7a7581d,embedding_model,4B,0.6B,critical_fields_score,1000,0.007,0.7000000000000001,-0.007,0.021,0.359,754.0,0.32965433412864353,0.030995912628509537,10000,20263156,paired_case_bootstrap_percentile,numpy_vectorized,McNemar exact two-sided,0.4010619910279374,0.7000000000000006,22,29,51,0.15364942465804565,0.2008303148405941,0.16026284116890502,0.20816332371093696,continuous_embedding_model,1.0,False,1.0,False,1.0,False
C10,C12,ee6932382f3ca8c7de3e4c9caa6371a155c698514ff1de94e90a8b1a76298d07,879abd4533d9b0d07cf69a913c703cad4efe623dc6ecaeb99df9cef8b7a7581d,embedding_model,4B,0.6B,critical_contradiction_free,1000,0.003,0.3,-0.015,0.021,0.7788,1892.0,0.7467912435574167,0.01028531339511929,10000,20263156,paired_case_bootstrap_percentile,numpy_vectorized,McNemar exact two-sided,0.8284232741649004,0.30000000000000027,41,44,85,0.7834719955714221,0.832163067684505,0.7866068125887822,0.8350052901162315,continuous_embedding_model,1.0,False,1.0,False,1.0,False
C10,C12,ee6932382f3ca8c7de3e4c9caa6371a155c698514ff1de94e90a8b1a76298d07,879abd4533d9b0d07cf69a913c703cad4efe623dc6ecaeb99df9cef8b7a7581d,embedding_model,4B,0.6B,critical_omission_free,1000,0.002,0.2,-0.012,0.016,0.84,715.5,0.7855319989800578,0.008766530986855824,10000,20263156,paired_case_bootstrap_percentile,numpy_vectorized,McNemar exact two-sided,0.8898839652765371,0.20000000000000018,25,27,52,0.1839846957823808,0.23425013117318338,0.18588891937362567,0.23633060054799632,continuous_embedding_model,1.0,False,1.0,False,1.0,False
C10,C12,ee6932382f3ca8c7de3e4c9caa6371a155c698514ff1de94e90a8b1a76298d07,879abd4533d9b0d07cf69a913c703cad4efe623dc6ecaeb99df9cef8b7a7581d,embedding_model,4B,0.6B,unsupported_addition_free,1000,0.097,9.700000000000001,0.062,0.131,0.0,34768.0,8.150038767481471e-08,0.17203641544495848,10000,20263156,paired_case_bootstrap_percentile,numpy_vectorized,McNemar exact two-sided,8.952937713228828e-08,9.700000000000003,115,212,327,0.4342791187506989,0.49598875434329004,0.5310701383860444,0.5924553435617469,continuous_embedding_model,1.7010581655134774e-06,True,0.0,True,1.5485073658214795e-06,True
C10,C12,ee6932382f3ca8c7de3e4c9caa6371a155c698514ff1de94e90a8b1a76298d07,879abd4533d9b0d07cf69a913c703cad4efe623dc6ecaeb99df9cef8b7a7581d,embedding_model,4B,0.6B,citation_traceability,1000,0.0,0.0,0.0,0.0,1.0,,1.0,,10000,20263156,paired_case_bootstrap_percentile,numpy_vectorized,paired bootstrap percentile,1.0,0.0,,,,,,,,continuous_embedding_model,1.0,False,1.0,False,1.0,False
C10,C15,ee6932382f3ca8c7de3e4c9caa6371a155c698514ff1de94e90a8b1a76298d07,2cb4dcd5bbe11f45df21e07bd9baf934b025b2eefc79fce3a0fe6681157536d8,rag_context,2048,8192,claims_recall,1000,0.00015302245484314636,0.015302245484314636,-0.003705312254448205,0.004058310518151214,0.9416,14225.0,0.8275579092605432,0.0024473650839132994,10000,20263415,paired_case_bootstrap_percentile,numpy_vectorized,paired bootstrap percentile,0.9416,0.015302245484314636,,,,,,,,continuous_rag_context,1.0,False,1.0,False,1.0,False
C10,C15,ee6932382f3ca8c7de3e4c9caa6371a155c698514ff1de94e90a8b1a76298d07,2cb4dcd5bbe11f45df21e07bd9baf934b025b2eefc79fce3a0fe6681157536d8,rag_context,2048,8192,prompt_coverage,1000,0.0,0.0,0.0,0.0,1.0,,1.0,,10000,20263415,paired_case_bootstrap_percentile,numpy_vectorized,paired bootstrap percentile,1.0,0.0,,,,,,,,continuous_rag_context,1.0,False,1.0,False,1.0,False
C10,C15,ee6932382f3ca8c7de3e4c9caa6371a155c698514ff1de94e90a8b1a76298d07,2cb4dcd5bbe11f45df21e07bd9baf934b025b2eefc79fce3a0fe6681157536d8,rag_context,2048,8192,critical_fields_score,1000,0.004,0.4,-0.009,0.017,0.599,540.0,0.550959844872646,0.019063181122252866,10000,20263415,paired_case_bootstrap_percentile,numpy_vectorized,McNemar exact two-sided,0.651587827208914,0.40000000000000036,20,24,44,0.15364942465804565,0.2008303148405941,0.15742689252874323,0.20502223290201207,continuous_rag_context,1.0,False,1.0,False,1.0,False
C10,C15,ee6932382f3ca8c7de3e4c9caa6371a155c698514ff1de94e90a8b1a76298d07,2cb4dcd5bbe11f45df21e07bd9baf934b025b2eefc79fce3a0fe6681157536d8,rag_context,2048,8192,critical_contradiction_free,1000,0.005,0.5,-0.009,0.02,0.5324,783.0,0.4954189331450342,0.021712871680230852,10000,20263415,paired_case_bootstrap_percentile,numpy_vectorized,McNemar exact two-sided,0.5831321542611763,0.49999999999998934,24,29,53,0.7834719955714221,0.832163067684505,0.7886979748203968,0.8368988208506745,continuous_rag_context,1.0,False,1.0,False,1.0,False
C10,C15,ee6932382f3ca8c7de3e4c9caa6371a155c698514ff1de94e90a8b1a76298d07,2cb4dcd5bbe11f45df21e07bd9baf934b025b2eefc79fce3a0fe6681157536d8,rag_context,2048,8192,critical_omission_free,1000,0.005,0.5,-0.007,0.017,0.4744,440.0,0.42799088296848875,0.02531393651044632,10000,20263415,paired_case_bootstrap_percentile,numpy_vectorized,McNemar exact two-sided,0.5223973804968409,0.5000000000000004,17,22,39,0.1839846957823808,0.23425013117318338,0.18874695684098677,0.2394496025297219,continuous_rag_context,1.0,False,1.0,False,1.0,False
C10,C15,ee6932382f3ca8c7de3e4c9caa6371a155c698514ff1de94e90a8b1a76298d07,2cb4dcd5bbe11f45df21e07bd9baf934b025b2eefc79fce3a0fe6681157536d8,rag_context,2048,8192,unsupported_addition_free,1000,-0.01,-1.0,-0.039,0.018,0.521,11388.0,0.49861729933242593,-0.02141184687930791,10000,20263415,paired_case_bootstrap_percentile,numpy_vectorized,McNemar exact two-sided,0.5422534273379711,-1.0000000000000009,114,104,218,0.4342791187506989,0.49598875434329004,0.42436684599858754,0.48597756226511246,continuous_rag_context,1.0,False,1.0,False,1.0,False
C10,C15,ee6932382f3ca8c7de3e4c9caa6371a155c698514ff1de94e90a8b1a76298d07,2cb4dcd5bbe11f45df21e07bd9baf934b025b2eefc79fce3a0fe6681157536d8,rag_context,2048,8192,citation_traceability,1000,0.0,0.0,0.0,0.0,1.0,,1.0,,10000,20263415,paired_case_bootstrap_percentile,numpy_vectorized,paired bootstrap percentile,1.0,0.0,,,,,,,,continuous_rag_context,1.0,False,1.0,False,1.0,False
C10,C16,ee6932382f3ca8c7de3e4c9caa6371a155c698514ff1de94e90a8b1a76298d07,dbdd606368eeb5a57a47b2b72ed988ad18ae778d67ce9de530c281942d8108b4,rag_context,2048,16384,claims_recall,1000,0.0011192209271514806,0.11192209271514805,-0.002346975173953401,0.0045751456786684,0.5162,14685.0,0.6625008877113341,0.0200808502337055,10000,20263674,paired_case_bootstrap_percentile,numpy_vectorized,paired bootstrap percentile,0.5162,0.11192209271514805,,,,,,,,continuous_rag_context,1.0,False,1.0,False,1.0,False
C10,C16,ee6932382f3ca8c7de3e4c9caa6371a155c698514ff1de94e90a8b1a76298d07,dbdd606368eeb5a57a47b2b72ed988ad18ae778d67ce9de530c281942d8108b4,rag_context,2048,16384,prompt_coverage,1000,0.0,0.0,0.0,0.0,1.0,,1.0,,10000,20263674,paired_case_bootstrap_percentile,numpy_vectorized,paired bootstrap percentile,1.0,0.0,,,,,,,,continuous_rag_context,1.0,False,1.0,False,1.0,False
C10,C16,ee6932382f3ca8c7de3e4c9caa6371a155c698514ff1de94e90a8b1a76298d07,dbdd606368eeb5a57a47b2b72ed988ad18ae778d67ce9de530c281942d8108b4,rag_context,2048,16384,critical_fields_score,1000,0.007,0.7000000000000001,-0.006,0.021,0.331,648.0,0.31011668050458685,0.03228927998198507,10000,20263674,paired_case_bootstrap_percentile,numpy_vectorized,McNemar exact two-sided,0.38169339766321286,0.7000000000000006,20,27,47,0.15364942465804565,0.2008303148405941,0.16026284116890502,0.20816332371093696,continuous_rag_context,1.0,False,1.0,False,1.0,False
C10,C16,ee6932382f3ca8c7de3e4c9caa6371a155c698514ff1de94e90a8b1a76298d07,dbdd606368eeb5a57a47b2b72ed988ad18ae778d67ce9de530c281942d8108b4,rag_context,2048,16384,critical_contradiction_free,1000,-0.002,-0.2,-0.016,0.013,0.841,826.0,0.7962820378729354,-0.008300680908104771,10000,20263674,paired_case_bootstrap_percentile,numpy_vectorized,McNemar exact two-sided,0.8956832138895903,-0.20000000000000018,30,28,58,0.7834719955714221,0.832163067684505,0.781383383844143,0.8302669864457263,continuous_rag_context,1.0,False,1.0,False,1.0,False
C10,C16,ee6932382f3ca8c7de3e4c9caa6371a155c698514ff1de94e90a8b1a76298d07,dbdd606368eeb5a57a47b2b72ed988ad18ae778d67ce9de530c281942d8108b4,rag_context,2048,16384,critical_omission_free,1000,0.009,0.8999999999999999,-0.005,0.023,0.2234,725.0,0.20054513590888423,0.04067115147367539,10000,20263674,paired_case_bootstrap_percentile,numpy_vectorized,McNemar exact two-sided,0.2528697301676033,0.9000000000000008,20,29,49,0.1839846957823808,0.23425013117318338,0.19256080207751963,0.24360514322530458,continuous_rag_context,1.0,False,1.0,False,1.0,False
C10,C16,ee6932382f3ca8c7de3e4c9caa6371a155c698514ff1de94e90a8b1a76298d07,dbdd606368eeb5a57a47b2b72ed988ad18ae778d67ce9de530c281942d8108b4,rag_context,2048,16384,unsupported_addition_free,1000,-0.032,-3.2,-0.061,-0.004,0.0286,9782.5,0.02875427399904339,-0.06930545026262709,10000,20263674,paired_case_bootstrap_percentile,numpy_vectorized,McNemar exact two-sided,0.03383644997039053,-3.200000000000003,123,91,214,0.4342791187506989,0.49598875434329004,0.4026038718810217,0.46390891375604265,continuous_rag_context,1.0,False,1.0,False,1.0,False
C10,C16,ee6932382f3ca8c7de3e4c9caa6371a155c698514ff1de94e90a8b1a76298d07,dbdd606368eeb5a57a47b2b72ed988ad18ae778d67ce9de530c281942d8108b4,rag_context,2048,16384,citation_traceability,1000,0.0,0.0,0.0,0.0,1.0,,1.0,,10000,20263674,paired_case_bootstrap_percentile,numpy_vectorized,paired bootstrap percentile,1.0,0.0,,,,,,,,continuous_rag_context,1.0,False,1.0,False,1.0,False
C11,C13,a000db175227b76b84ada383d5bc825c2699cc39492749c401abf1cc70808c77,a86b9fef45fab9019b4933934c2b5c068fe6c1d18d87de8304992dcbd081ab3d,embedding_model,4B,0.6B,claims_recall,1000,-0.003426103066701491,-0.3426103066701491,-0.007258591792148094,0.0003425255509727027,0.0744,18104.5,0.1240837954675661,-0.054988724628796004,10000,20263933,paired_case_bootstrap_percentile,numpy_vectorized,paired bootstrap percentile,0.0744,-0.3426103066701491,,,,,,,,continuous_embedding_model,1.0,False,1.0,False,1.0,False
C11,C13,a000db175227b76b84ada383d5bc825c2699cc39492749c401abf1cc70808c77,a86b9fef45fab9019b4933934c2b5c068fe6c1d18d87de8304992dcbd081ab3d,embedding_model,4B,0.6B,prompt_coverage,1000,0.0,0.0,0.0,0.0,1.0,,1.0,,10000,20263933,paired_case_bootstrap_percentile,numpy_vectorized,paired bootstrap percentile,1.0,0.0,,,,,,,,continuous_embedding_model,1.0,False,1.0,False,1.0,False
C11,C13,a000db175227b76b84ada383d5bc825c2699cc39492749c401abf1cc70808c77,a86b9fef45fab9019b4933934c2b5c068fe6c1d18d87de8304992dcbd081ab3d,embedding_model,4B,0.6B,critical_fields_score,1000,0.0,0.0,-0.014,0.014,1.0,689.0,1.0,0.0,10000,20263933,paired_case_bootstrap_percentile,numpy_vectorized,McNemar exact two-sided,1.0,0.0,26,26,52,0.1564821152191892,0.20397466372853723,0.1564821152191892,0.20397466372853723,continuous_embedding_model,1.0,False,1.0,False,1.0,False
C11,C13,a000db175227b76b84ada383d5bc825c2699cc39492749c401abf1cc70808c77,a86b9fef45fab9019b4933934c2b5c068fe6c1d18d87de8304992dcbd081ab3d,embedding_model,4B,0.6B,critical_contradiction_free,1000,0.015,1.5,-0.001,0.032,0.0828,1628.0,0.07969578441376376,0.05557543825286127,10000,20263933,paired_case_bootstrap_percentile,numpy_vectorized,McNemar exact two-sided,0.1006436775202357,1.4999999999999902,29,44,73,0.7855616182967687,0.8340581379252162,0.8012673037329014,0.8482376497345165,continuous_embedding_model,1.0,False,1.0,False,1.0,False
C11,C13,a000db175227b76b84ada383d5bc825c2699cc39492749c401abf1cc70808c77,a86b9fef45fab9019b4933934c2b5c068fe6c1d18d87de8304992dcbd081ab3d,embedding_model,4B,0.6B,critical_omission_free,1000,-0.003,-0.3,-0.016,0.011,0.7284,528.0,0.6660923006432062,-0.013832371845196416,10000,20263933,paired_case_bootstrap_percentile,numpy_vectorized,McNemar exact two-sided,0.7708669945730264,-0.30000000000000027,25,22,47,0.18684137276354604,0.23737049364110482,0.1839846957823808,0.23425013117318338,continuous_embedding_model,1.0,False,1.0,False,1.0,False
C11,C13,a000db175227b76b84ada383d5bc825c2699cc39492749c401abf1cc70808c77,a86b9fef45fab9019b4933934c2b5c068fe6c1d18d87de8304992dcbd081ab3d,embedding_model,4B,0.6B,unsupported_addition_free,1000,0.105,10.5,0.071,0.14,0.0,35424.0,6.391574841287521e-09,0.1867005863635483,10000,20263933,paired_case_bootstrap_percentile,numpy_vectorized,McNemar exact two-sided,6.630020940113093e-09,10.499999999999998,111,216,327,0.44619023214492903,0.5079857987454065,0.5511729797517128,0.612199431856656,continuous_embedding_model,1.3260041880226185e-07,True,0.0,True,1.2783149682575042e-07,True
C11,C13,a000db175227b76b84ada383d5bc825c2699cc39492749c401abf1cc70808c77,a86b9fef45fab9019b4933934c2b5c068fe6c1d18d87de8304992dcbd081ab3d,embedding_model,4B,0.6B,citation_traceability,1000,0.0,0.0,0.0,0.0,1.0,,1.0,,10000,20263933,paired_case_bootstrap_percentile,numpy_vectorized,paired bootstrap percentile,1.0,0.0,,,,,,,,continuous_embedding_model,1.0,False,1.0,False,1.0,False
C12,C13,879abd4533d9b0d07cf69a913c703cad4efe623dc6ecaeb99df9cef8b7a7581d,a86b9fef45fab9019b4933934c2b5c068fe6c1d18d87de8304992dcbd081ab3d,ollama_context,16384,32768,claims_recall,1000,-0.0016713530143653182,-0.16713530143653182,-0.0050794323498615495,0.001714247418239319,0.3388,10476.5,0.4264802393968677,-0.029922059601280023,10000,20264192,paired_case_bootstrap_percentile,numpy_vectorized,paired bootstrap percentile,0.3388,-0.16713530143653182,,,,,,,,continuous_ollama_context,1.0,False,1.0,False,1.0,False
C12,C13,879abd4533d9b0d07cf69a913c703cad4efe623dc6ecaeb99df9cef8b7a7581d,a86b9fef45fab9019b4933934c2b5c068fe6c1d18d87de8304992dcbd081ab3d,ollama_context,16384,32768,prompt_coverage,1000,0.0,0.0,0.0,0.0,1.0,,1.0,,10000,20264192,paired_case_bootstrap_percentile,numpy_vectorized,paired bootstrap percentile,1.0,0.0,,,,,,,,continuous_ollama_context,1.0,False,1.0,False,1.0,False
C12,C13,879abd4533d9b0d07cf69a913c703cad4efe623dc6ecaeb99df9cef8b7a7581d,a86b9fef45fab9019b4933934c2b5c068fe6c1d18d87de8304992dcbd081ab3d,ollama_context,16384,32768,critical_fields_score,1000,-0.004,-0.4,-0.017,0.009,0.5838,450.0,0.550959844872646,-0.019063181122252866,10000,20264192,paired_case_bootstrap_percentile,numpy_vectorized,McNemar exact two-sided,0.651587827208914,-0.40000000000000036,24,20,44,0.16026284116890502,0.20816332371093696,0.1564821152191892,0.20397466372853723,continuous_ollama_context,1.0,False,1.0,False,1.0,False
C12,C13,879abd4533d9b0d07cf69a913c703cad4efe623dc6ecaeb99df9cef8b7a7581d,a86b9fef45fab9019b4933934c2b5c068fe6c1d18d87de8304992dcbd081ab3d,ollama_context,16384,32768,critical_contradiction_free,1000,0.014,1.4000000000000001,0.001,0.027,0.0378,602.0,0.03131317761124792,0.06843871714182516,10000,20264192,paired_case_bootstrap_percentile,numpy_vectorized,McNemar exact two-sided,0.04355852192384191,1.3999999999999901,14,28,42,0.7866068125887822,0.8350052901162315,0.8012673037329014,0.8482376497345165,continuous_ollama_context,1.0,False,1.0,False,1.0,False
C12,C13,879abd4533d9b0d07cf69a913c703cad4efe623dc6ecaeb99df9cef8b7a7581d,a86b9fef45fab9019b4933934c2b5c068fe6c1d18d87de8304992dcbd081ab3d,ollama_context,16384,32768,critical_omission_free,1000,-0.002,-0.2,-0.015,0.011,0.8066,517.0,0.7728800055085137,-0.009320789652681979,10000,20264192,paired_case_bootstrap_percentile,numpy_vectorized,McNemar exact two-sided,0.8829959121223965,-0.20000000000000018,24,22,46,0.18588891937362567,0.23633060054799632,0.1839846957823808,0.23425013117318338,continuous_ollama_context,1.0,False,1.0,False,1.0,False
C12,C13,879abd4533d9b0d07cf69a913c703cad4efe623dc6ecaeb99df9cef8b7a7581d,a86b9fef45fab9019b4933934c2b5c068fe6c1d18d87de8304992dcbd081ab3d,ollama_context,16384,32768,unsupported_addition_free,1000,0.02,2.0,-0.005,0.045,0.1304,7590.0,0.1185730453949484,0.049422088050648606,10000,20264192,paired_case_bootstrap_percentile,numpy_vectorized,McNemar exact two-sided,0.13766165019746568,1.9999999999999907,72,92,164,0.5310701383860444,0.5924553435617469,0.5511729797517128,0.612199431856656,continuous_ollama_context,1.0,False,1.0,False,1.0,False
C12,C13,879abd4533d9b0d07cf69a913c703cad4efe623dc6ecaeb99df9cef8b7a7581d,a86b9fef45fab9019b4933934c2b5c068fe6c1d18d87de8304992dcbd081ab3d,ollama_context,16384,32768,citation_traceability,1000,0.0,0.0,0.0,0.0,1.0,,1.0,,10000,20264192,paired_case_bootstrap_percentile,numpy_vectorized,paired bootstrap percentile,1.0,0.0,,,,,,,,continuous_ollama_context,1.0,False,1.0,False,1.0,False
C13,C17,a86b9fef45fab9019b4933934c2b5c068fe6c1d18d87de8304992dcbd081ab3d,da3f812eea2ca139d9208d637f531d885b3735aa2be9f9a2563c1e0eb5642882,rag_context,2048,4096,claims_recall,1000,0.0012760816999566361,0.1276081699956636,-0.0025814112314369877,0.005107103772008233,0.5168,17448.0,0.3388062841168249,0.020543520883401525,10000,20264451,paired_case_bootstrap_percentile,numpy_vectorized,paired bootstrap percentile,0.5168,0.1276081699956636,,,,,,,,continuous_rag_context,1.0,False,1.0,False,1.0,False
C13,C17,a86b9fef45fab9019b4933934c2b5c068fe6c1d18d87de8304992dcbd081ab3d,da3f812eea2ca139d9208d637f531d885b3735aa2be9f9a2563c1e0eb5642882,rag_context,2048,4096,prompt_coverage,1000,0.0,0.0,0.0,0.0,1.0,,1.0,,10000,20264451,paired_case_bootstrap_percentile,numpy_vectorized,paired bootstrap percentile,1.0,0.0,,,,,,,,continuous_rag_context,1.0,False,1.0,False,1.0,False
C13,C17,a86b9fef45fab9019b4933934c2b5c068fe6c1d18d87de8304992dcbd081ab3d,da3f812eea2ca139d9208d637f531d885b3735aa2be9f9a2563c1e0eb5642882,rag_context,2048,4096,critical_fields_score,1000,0.0,0.0,-0.013,0.013,1.0,451.5,1.0,0.0,10000,20264451,paired_case_bootstrap_percentile,numpy_vectorized,McNemar exact two-sided,1.0,0.0,21,21,42,0.1564821152191892,0.20397466372853723,0.1564821152191892,0.20397466372853723,continuous_rag_context,1.0,False,1.0,False,1.0,False
C13,C17,a86b9fef45fab9019b4933934c2b5c068fe6c1d18d87de8304992dcbd081ab3d,da3f812eea2ca139d9208d637f531d885b3735aa2be9f9a2563c1e0eb5642882,rag_context,2048,4096,critical_contradiction_free,1000,-0.009,-0.8999999999999999,-0.023,0.004,0.2082,456.0,0.19131216718358823,-0.04152894322757848,10000,20264451,paired_case_bootstrap_percentile,numpy_vectorized,McNemar exact two-sided,0.24296021728332562,-0.9000000000000008,28,19,47,0.8012673037329014,0.8482376497345165,0.7918366762890631,0.839737158831095,continuous_rag_context,1.0,False,1.0,False,1.0,False
C13,C17,a86b9fef45fab9019b4933934c2b5c068fe6c1d18d87de8304992dcbd081ab3d,da3f812eea2ca139d9208d637f531d885b3735aa2be9f9a2563c1e0eb5642882,rag_context,2048,4096,critical_omission_free,1000,0.005,0.5,-0.008,0.018,0.4912,528.0,0.4499123871291523,0.024107090916589934,10000,20264451,paired_case_bootstrap_percentile,numpy_vectorized,McNemar exact two-sided,0.542384011856484,0.5000000000000004,19,24,43,0.1839846957823808,0.23425013117318338,0.18874695684098677,0.2394496025297219,continuous_rag_context,1.0,False,1.0,False,1.0,False
C13,C17,a86b9fef45fab9019b4933934c2b5c068fe6c1d18d87de8304992dcbd081ab3d,da3f812eea2ca139d9208d637f531d885b3735aa2be9f9a2563c1e0eb5642882,rag_context,2048,4096,unsupported_addition_free,1000,-0.042,-4.2,-0.069,-0.013,0.004,9052.5,0.003927498385477102,-0.09155424635840878,10000,20264451,paired_case_bootstrap_percentile,numpy_vectorized,McNemar exact two-sided,0.004747816761309484,-4.199999999999992,127,85,212,0.5511729797517128,0.612199431856656,0.5090152862022621,0.5706785731188935,continuous_rag_context,0.4273035085178536,False,0.36,False,0.3495473563074621,False
C13,C17,a86b9fef45fab9019b4933934c2b5c068fe6c1d18d87de8304992dcbd081ab3d,da3f812eea2ca139d9208d637f531d885b3735aa2be9f9a2563c1e0eb5642882,rag_context,2048,4096,citation_traceability,1000,0.0,0.0,0.0,0.0,1.0,,1.0,,10000,20264451,paired_case_bootstrap_percentile,numpy_vectorized,paired bootstrap percentile,1.0,0.0,,,,,,,,continuous_rag_context,1.0,False,1.0,False,1.0,False
C13,C18,a86b9fef45fab9019b4933934c2b5c068fe6c1d18d87de8304992dcbd081ab3d,482db16b9cb3a7957d8b26c1b0659482936374cd0dda8de0c039e385731dc1a1,rag_context,2048,8192,claims_recall,1000,0.0026319467271797674,0.26319467271797675,-0.0014239509869366646,0.006642343656952675,0.1974,17100.0,0.17662141083319552,0.040457285910271076,10000,20264710,paired_case_bootstrap_percentile,numpy_vectorized,paired bootstrap percentile,0.1974,0.26319467271797675,,,,,,,,continuous_rag_context,1.0,False,1.0,False,1.0,False
C13,C18,a86b9fef45fab9019b4933934c2b5c068fe6c1d18d87de8304992dcbd081ab3d,482db16b9cb3a7957d8b26c1b0659482936374cd0dda8de0c039e385731dc1a1,rag_context,2048,8192,prompt_coverage,1000,0.0,0.0,0.0,0.0,1.0,,1.0,,10000,20264710,paired_case_bootstrap_percentile,numpy_vectorized,paired bootstrap percentile,1.0,0.0,,,,,,,,continuous_rag_context,1.0,False,1.0,False,1.0,False
C13,C18,a86b9fef45fab9019b4933934c2b5c068fe6c1d18d87de8304992dcbd081ab3d,482db16b9cb3a7957d8b26c1b0659482936374cd0dda8de0c039e385731dc1a1,rag_context,2048,8192,critical_fields_score,1000,-0.006,-0.6,-0.019,0.008,0.4266,514.5,0.3897151400033388,-0.027382701825595154,10000,20264710,paired_case_bootstrap_percentile,numpy_vectorized,McNemar exact two-sided,0.4708790136217118,-0.6000000000000005,27,21,48,0.1564821152191892,0.20397466372853723,0.1508192344529515,0.19768346559660158,continuous_rag_context,1.0,False,1.0,False,1.0,False
C13,C18,a86b9fef45fab9019b4933934c2b5c068fe6c1d18d87de8304992dcbd081ab3d,482db16b9cb3a7957d8b26c1b0659482936374cd0dda8de0c039e385731dc1a1,rag_context,2048,8192,critical_contradiction_free,1000,-0.013,-1.3,-0.026,-0.001,0.0496,294.0,0.043091496564010255,-0.06430297826035565,10000,20264710,paired_case_bootstrap_percentile,numpy_vectorized,McNemar exact two-sided,0.05958388801809633,-1.3000000000000012,27,14,41,0.8012673037329014,0.8482376497345165,0.7876522642371055,0.8359521849509368,continuous_rag_context,1.0,False,1.0,False,1.0,False
C13,C18,a86b9fef45fab9019b4933934c2b5c068fe6c1d18d87de8304992dcbd081ab3d,482db16b9cb3a7957d8b26c1b0659482936374cd0dda8de0c039e385731dc1a1,rag_context,2048,8192,critical_omission_free,1000,0.002,0.2,-0.011,0.015,0.8178,517.5,0.7681381922824589,0.009530290591957868,10000,20264710,paired_case_bootstrap_percentile,numpy_vectorized,McNemar exact two-sided,0.880395821280672,0.20000000000000018,21,23,44,0.1839846957823808,0.23425013117318338,0.18588891937362567,0.23633060054799632,continuous_rag_context,1.0,False,1.0,False,1.0,False
C13,C18,a86b9fef45fab9019b4933934c2b5c068fe6c1d18d87de8304992dcbd081ab3d,482db16b9cb3a7957d8b26c1b0659482936374cd0dda8de0c039e385731dc1a1,rag_context,2048,8192,unsupported_addition_free,1000,-0.024,-2.4,-0.051,0.003,0.086,8471.0,0.08660946380995672,-0.054263154438246544,10000,20264710,paired_case_bootstrap_percentile,numpy_vectorized,McNemar exact two-sided,0.10016673529821761,-2.399999999999991,110,86,196,0.5511729797517128,0.612199431856656,0.5270556511526086,0.5885004448630671,continuous_rag_context,1.0,False,1.0,False,1.0,False
C13,C18,a86b9fef45fab9019b4933934c2b5c068fe6c1d18d87de8304992dcbd081ab3d,482db16b9cb3a7957d8b26c1b0659482936374cd0dda8de0c039e385731dc1a1,rag_context,2048,8192,citation_traceability,1000,0.0,0.0,0.0,0.0,1.0,,1.0,,10000,20264710,paired_case_bootstrap_percentile,numpy_vectorized,paired bootstrap percentile,1.0,0.0,,,,,,,,continuous_rag_context,1.0,False,1.0,False,1.0,False
C13,C19,a86b9fef45fab9019b4933934c2b5c068fe6c1d18d87de8304992dcbd081ab3d,dd4a8f47032a345d96575bf854fbcb9ce57f9524e43c1d7a79f19179182d2702,rag_context,2048,16384,claims_recall,1000,0.00537694554790588,0.5376945547905879,0.0015289523979490625,0.00928472246446654,0.0056,19241.0,0.0019035547623022456,0.08501556675040504,10000,20264969,paired_case_bootstrap_percentile,numpy_vectorized,paired bootstrap percentile,0.0056,0.5376945547905879,,,,,,,,continuous_rag_context,0.4984,False,0.4984,False,0.17322348336950436,False
C13,C19,a86b9fef45fab9019b4933934c2b5c068fe6c1d18d87de8304992dcbd081ab3d,dd4a8f47032a345d96575bf854fbcb9ce57f9524e43c1d7a79f19179182d2702,rag_context,2048,16384,prompt_coverage,1000,0.0,0.0,0.0,0.0,1.0,,1.0,,10000,20264969,paired_case_bootstrap_percentile,numpy_vectorized,paired bootstrap percentile,1.0,0.0,,,,,,,,continuous_rag_context,1.0,False,1.0,False,1.0,False
C13,C19,a86b9fef45fab9019b4933934c2b5c068fe6c1d18d87de8304992dcbd081ab3d,dd4a8f47032a345d96575bf854fbcb9ce57f9524e43c1d7a79f19179182d2702,rag_context,2048,16384,critical_fields_score,1000,0.002,0.2,-0.011,0.015,0.8248,564.0,0.7728800055085137,0.009320789652681979,10000,20264969,paired_case_bootstrap_percentile,numpy_vectorized,McNemar exact two-sided,0.8829959121223965,0.20000000000000018,22,24,46,0.1564821152191892,0.20397466372853723,0.15837194044398084,0.20606953146980334,continuous_rag_context,1.0,False,1.0,False,1.0,False
C13,C19,a86b9fef45fab9019b4933934c2b5c068fe6c1d18d87de8304992dcbd081ab3d,dd4a8f47032a345d96575bf854fbcb9ce57f9524e43c1d7a79f19179182d2702,rag_context,2048,16384,critical_contradiction_free,1000,-0.005,-0.5,-0.018,0.008,0.493,460.0,0.45998312532071933,-0.02356498471726318,10000,20264969,paired_case_bootstrap_percentile,numpy_vectorized,McNemar exact two-sided,0.5514843298025198,-0.5000000000000004,25,20,45,0.8012673037329014,0.8482376497345165,0.7960253362714628,0.8435178847808108,continuous_rag_context,1.0,False,1.0,False,1.0,False
C13,C19,a86b9fef45fab9019b4933934c2b5c068fe6c1d18d87de8304992dcbd081ab3d,dd4a8f47032a345d96575bf854fbcb9ce57f9524e43c1d7a79f19179182d2702,rag_context,2048,16384,critical_omission_free,1000,0.001,0.1,-0.012,0.014,0.9384,529.0,0.8866141203759427,0.0047117399487128465,10000,20264969,paired_case_bootstrap_percentile,numpy_vectorized,McNemar exact two-sided,1.0,0.10000000000000009,22,23,45,0.1839846957823808,0.23425013117318338,0.1849366933157235,0.23529048012286963,continuous_rag_context,1.0,False,1.0,False,1.0,False
C13,C19,a86b9fef45fab9019b4933934c2b5c068fe6c1d18d87de8304992dcbd081ab3d,dd4a8f47032a345d96575bf854fbcb9ce57f9524e43c1d7a79f19179182d2702,rag_context,2048,16384,unsupported_addition_free,1000,-0.046,-4.6,-0.074,-0.017,0.0032,9812.0,0.002023809052624554,-0.09804913381905081,10000,20264969,paired_case_bootstrap_percentile,numpy_vectorized,McNemar exact two-sided,0.002449210560676186,-4.5999999999999925,134,88,222,0.5511729797517128,0.612199431856656,0.5050118052369239,0.5667126681521162,continuous_rag_context,0.2228781610215329,False,0.2912,False,0.18214281473620988,False
C13,C19,a86b9fef45fab9019b4933934c2b5c068fe6c1d18d87de8304992dcbd081ab3d,dd4a8f47032a345d96575bf854fbcb9ce57f9524e43c1d7a79f19179182d2702,rag_context,2048,16384,citation_traceability,1000,0.0,0.0,0.0,0.0,1.0,,1.0,,10000,20264969,paired_case_bootstrap_percentile,numpy_vectorized,paired bootstrap percentile,1.0,0.0,,,,,,,,continuous_rag_context,1.0,False,1.0,False,1.0,False
C15,C16,2cb4dcd5bbe11f45df21e07bd9baf934b025b2eefc79fce3a0fe6681157536d8,dbdd606368eeb5a57a47b2b72ed988ad18ae778d67ce9de530c281942d8108b4,rag_context,8192,16384,claims_recall,1000,0.0009661984723083342,0.09661984723083342,-0.002028701984975346,0.003969129545019613,0.5256,10981.5,0.6184007404917427,0.019798502846076607,10000,20265228,paired_case_bootstrap_percentile,numpy_vectorized,paired bootstrap percentile,0.5256,0.09661984723083342,,,,,,,,continuous_rag_context,1.0,False,1.0,False,1.0,False
C15,C16,2cb4dcd5bbe11f45df21e07bd9baf934b025b2eefc79fce3a0fe6681157536d8,dbdd606368eeb5a57a47b2b72ed988ad18ae778d67ce9de530c281942d8108b4,rag_context,8192,16384,prompt_coverage,1000,0.0,0.0,0.0,0.0,1.0,,1.0,,10000,20265228,paired_case_bootstrap_percentile,numpy_vectorized,paired bootstrap percentile,1.0,0.0,,,,,,,,continuous_rag_context,1.0,False,1.0,False,1.0,False
C15,C16,2cb4dcd5bbe11f45df21e07bd9baf934b025b2eefc79fce3a0fe6681157536d8,dbdd606368eeb5a57a47b2b72ed988ad18ae778d67ce9de530c281942d8108b4,rag_context,8192,16384,critical_fields_score,1000,0.003,0.3,-0.01,0.016,0.7058,506.0,0.6523038482064736,0.014461562712016875,10000,20265228,paired_case_bootstrap_percentile,numpy_vectorized,McNemar exact two-sided,0.7607916425613439,0.30000000000000027,20,23,43,0.15742689252874323,0.20502223290201207,0.16026284116890502,0.20816332371093696,continuous_rag_context,1.0,False,1.0,False,1.0,False
C15,C16,2cb4dcd5bbe11f45df21e07bd9baf934b025b2eefc79fce3a0fe6681157536d8,dbdd606368eeb5a57a47b2b72ed988ad18ae778d67ce9de530c281942d8108b4,rag_context,8192,16384,critical_contradiction_free,1000,-0.007,-0.7000000000000001,-0.021024999999999978,0.007,0.376,621.0,0.3388517417714326,-0.030404908511563893,10000,20265228,paired_case_bootstrap_percentile,numpy_vectorized,McNemar exact two-sided,0.4101027163746913,-0.6999999999999895,30,23,53,0.7886979748203968,0.8368988208506745,0.781383383844143,0.8302669864457263,continuous_rag_context,1.0,False,1.0,False,1.0,False
C15,C16,2cb4dcd5bbe11f45df21e07bd9baf934b025b2eefc79fce3a0fe6681157536d8,dbdd606368eeb5a57a47b2b72ed988ad18ae778d67ce9de530c281942d8108b4,rag_context,8192,16384,critical_omission_free,1000,0.004,0.4,-0.008024999999999977,0.017,0.5892,494.5,0.5418376292628054,0.01951195693452182,10000,20265228,paired_case_bootstrap_percentile,numpy_vectorized,McNemar exact two-sided,0.6439689563703723,0.40000000000000036,19,23,42,0.18874695684098677,0.2394496025297219,0.19256080207751963,0.24360514322530458,continuous_rag_context,1.0,False,1.0,False,1.0,False
C15,C16,2cb4dcd5bbe11f45df21e07bd9baf934b025b2eefc79fce3a0fe6681157536d8,dbdd606368eeb5a57a47b2b72ed988ad18ae778d67ce9de530c281942d8108b4,rag_context,8192,16384,unsupported_addition_free,1000,-0.022,-2.1999999999999997,-0.047,0.003,0.0882,5554.5,0.08216313728840163,-0.055055828131443066,10000,20265228,paired_case_bootstrap_percentile,numpy_vectorized,McNemar exact two-sided,0.09656935339177995,-2.200000000000002,91,69,160,0.42436684599858754,0.48597756226511246,0.4026038718810217,0.46390891375604265,continuous_rag_context,1.0,False,1.0,False,1.0,False
C15,C16,2cb4dcd5bbe11f45df21e07bd9baf934b025b2eefc79fce3a0fe6681157536d8,dbdd606368eeb5a57a47b2b72ed988ad18ae778d67ce9de530c281942d8108b4,rag_context,8192,16384,citation_traceability,1000,0.0,0.0,0.0,0.0,1.0,,1.0,,10000,20265228,paired_case_bootstrap_percentile,numpy_vectorized,paired bootstrap percentile,1.0,0.0,,,,,,,,continuous_rag_context,1.0,False,1.0,False,1.0,False
C17,C18,da3f812eea2ca139d9208d637f531d885b3735aa2be9f9a2563c1e0eb5642882,482db16b9cb3a7957d8b26c1b0659482936374cd0dda8de0c039e385731dc1a1,rag_context,4096,8192,claims_recall,1000,0.001355865027223131,0.1355865027223131,-0.0019122036895583684,0.004650573522391933,0.413,9406.5,0.5692826487259817,0.025568471337316642,10000,20265487,paired_case_bootstrap_percentile,numpy_vectorized,paired bootstrap percentile,0.413,0.1355865027223131,,,,,,,,continuous_rag_context,1.0,False,1.0,False,1.0,False
C17,C18,da3f812eea2ca139d9208d637f531d885b3735aa2be9f9a2563c1e0eb5642882,482db16b9cb3a7957d8b26c1b0659482936374cd0dda8de0c039e385731dc1a1,rag_context,4096,8192,prompt_coverage,1000,0.0,0.0,0.0,0.0,1.0,,1.0,,10000,20265487,paired_case_bootstrap_percentile,numpy_vectorized,paired bootstrap percentile,1.0,0.0,,,,,,,,continuous_rag_context,1.0,False,1.0,False,1.0,False
C17,C18,da3f812eea2ca139d9208d637f531d885b3735aa2be9f9a2563c1e0eb5642882,482db16b9cb3a7957d8b26c1b0659482936374cd0dda8de0c039e385731dc1a1,rag_context,4096,8192,critical_fields_score,1000,-0.006,-0.6,-0.017,0.005,0.3198,186.0,0.2785128558606321,-0.034644484241304785,10000,20265487,paired_case_bootstrap_percentile,numpy_vectorized,McNemar exact two-sided,0.361594608053565,-0.6000000000000005,18,12,30,0.1564821152191892,0.20397466372853723,0.1508192344529515,0.19768346559660158,continuous_rag_context,1.0,False,1.0,False,1.0,False
C17,C18,da3f812eea2ca139d9208d637f531d885b3735aa2be9f9a2563c1e0eb5642882,482db16b9cb3a7957d8b26c1b0659482936374cd0dda8de0c039e385731dc1a1,rag_context,4096,8192,critical_contradiction_free,1000,-0.004,-0.4,-0.015,0.007,0.5486,262.5,0.4989172139709125,-0.02168730004059628,10000,20265487,paired_case_bootstrap_percentile,numpy_vectorized,McNemar exact two-sided,0.6075913612730801,-0.40000000000000036,19,15,34,0.7918366762890631,0.839737158831095,0.7876522642371055,0.8359521849509368,continuous_rag_context,1.0,False,1.0,False,1.0,False
C17,C18,da3f812eea2ca139d9208d637f531d885b3735aa2be9f9a2563c1e0eb5642882,482db16b9cb3a7957d8b26c1b0659482936374cd0dda8de0c039e385731dc1a1,rag_context,4096,8192,critical_omission_free,1000,-0.003,-0.3,-0.013,0.008,0.6544,195.0,0.5859555137916794,-0.017610528959307897,10000,20265487,paired_case_bootstrap_percentile,numpy_vectorized,McNemar exact two-sided,0.711071103811264,-0.30000000000000027,16,13,29,0.18874695684098677,0.2394496025297219,0.18588891937362567,0.23633060054799632,continuous_rag_context,1.0,False,1.0,False,1.0,False
C17,C18,da3f812eea2ca139d9208d637f531d885b3735aa2be9f9a2563c1e0eb5642882,482db16b9cb3a7957d8b26c1b0659482936374cd0dda8de0c039e385731dc1a1,rag_context,4096,8192,unsupported_addition_free,1000,0.018,1.7999999999999998,-0.005,0.041,0.135,5421.0,0.125760266800582,0.04848709101702532,10000,20265487,paired_case_bootstrap_percentile,numpy_vectorized,McNemar exact two-sided,0.14759186416886072,1.8000000000000016,60,78,138,0.5090152862022621,0.5706785731188935,0.5270556511526086,0.5885004448630671,continuous_rag_context,1.0,False,1.0,False,1.0,False
C17,C18,da3f812eea2ca139d9208d637f531d885b3735aa2be9f9a2563c1e0eb5642882,482db16b9cb3a7957d8b26c1b0659482936374cd0dda8de0c039e385731dc1a1,rag_context,4096,8192,citation_traceability,1000,0.0,0.0,0.0,0.0,1.0,,1.0,,10000,20265487,paired_case_bootstrap_percentile,numpy_vectorized,paired bootstrap percentile,1.0,0.0,,,,,,,,continuous_rag_context,1.0,False,1.0,False,1.0,False
C17,C19,da3f812eea2ca139d9208d637f531d885b3735aa2be9f9a2563c1e0eb5642882,dd4a8f47032a345d96575bf854fbcb9ce57f9524e43c1d7a79f19179182d2702,rag_context,4096,16384,claims_recall,1000,0.004100863847949244,0.41008638479492443,0.0006338131486328827,0.007637012996171913,0.0208,13745.0,0.027524534884977747,0.0727986648976125,10000,20265746,paired_case_bootstrap_percentile,numpy_vectorized,paired bootstrap percentile,0.0208,0.41008638479492443,,,,,,,,continuous_rag_context,1.0,False,1.0,False,1.0,False
C17,C19,da3f812eea2ca139d9208d637f531d885b3735aa2be9f9a2563c1e0eb5642882,dd4a8f47032a345d96575bf854fbcb9ce57f9524e43c1d7a79f19179182d2702,rag_context,4096,16384,prompt_coverage,1000,0.0,0.0,0.0,0.0,1.0,,1.0,,10000,20265746,paired_case_bootstrap_percentile,numpy_vectorized,paired bootstrap percentile,1.0,0.0,,,,,,,,continuous_rag_context,1.0,False,1.0,False,1.0,False
C17,C19,da3f812eea2ca139d9208d637f531d885b3735aa2be9f9a2563c1e0eb5642882,dd4a8f47032a345d96575bf854fbcb9ce57f9524e43c1d7a79f19179182d2702,rag_context,4096,16384,critical_fields_score,1000,0.002,0.2,-0.01,0.014,0.8054,351.5,0.7456925059578259,0.010536239115730811,10000,20265746,paired_case_bootstrap_percentile,numpy_vectorized,McNemar exact two-sided,0.8679394004284404,0.20000000000000018,17,19,36,0.1564821152191892,0.20397466372853723,0.15837194044398084,0.20606953146980334,continuous_rag_context,1.0,False,1.0,False,1.0,False
C17,C19,da3f812eea2ca139d9208d637f531d885b3735aa2be9f9a2563c1e0eb5642882,dd4a8f47032a345d96575bf854fbcb9ce57f9524e43c1d7a79f19179182d2702,rag_context,4096,16384,critical_contradiction_free,1000,0.004,0.4,-0.009,0.017,0.5862,451.0,0.5321399697684253,0.019993996698048758,10000,20265746,paired_case_bootstrap_percentile,numpy_vectorized,McNemar exact two-sided,0.6358280026288412,0.40000000000000036,18,22,40,0.7918366762890631,0.839737158831095,0.7960253362714628,0.8435178847808108,continuous_rag_context,1.0,False,1.0,False,1.0,False
C17,C19,da3f812eea2ca139d9208d637f531d885b3735aa2be9f9a2563c1e0eb5642882,dd4a8f47032a345d96575bf854fbcb9ce57f9524e43c1d7a79f19179182d2702,rag_context,4096,16384,critical_omission_free,1000,-0.004,-0.4,-0.015,0.007,0.5222,231.0,0.48618271927321405,-0.022355086108925386,10000,20265746,paired_case_bootstrap_percentile,numpy_vectorized,McNemar exact two-sided,0.5966148958541453,-0.40000000000000036,18,14,32,0.18874695684098677,0.2394496025297219,0.1849366933157235,0.23529048012286963,continuous_rag_context,1.0,False,1.0,False,1.0,False
C17,C19,da3f812eea2ca139d9208d637f531d885b3735aa2be9f9a2563c1e0eb5642882,dd4a8f47032a345d96575bf854fbcb9ce57f9524e43c1d7a79f19179182d2702,rag_context,4096,16384,unsupported_addition_free,1000,-0.004,-0.4,-0.028,0.021,0.7824,6121.5,0.7510749963810983,-0.010058568611469861,10000,20265746,paired_case_bootstrap_percentile,numpy_vectorized,McNemar exact two-sided,0.811456607204291,-0.40000000000000036,81,77,158,0.5090152862022621,0.5706785731188935,0.5050118052369239,0.5667126681521162,continuous_rag_context,1.0,False,1.0,False,1.0,False
C17,C19,da3f812eea2ca139d9208d637f531d885b3735aa2be9f9a2563c1e0eb5642882,dd4a8f47032a345d96575bf854fbcb9ce57f9524e43c1d7a79f19179182d2702,rag_context,4096,16384,citation_traceability,1000,0.0,0.0,0.0,0.0,1.0,,1.0,,10000,20265746,paired_case_bootstrap_percentile,numpy_vectorized,paired bootstrap percentile,1.0,0.0,,,,,,,,continuous_rag_context,1.0,False,1.0,False,1.0,False
C18,C19,482db16b9cb3a7957d8b26c1b0659482936374cd0dda8de0c039e385731dc1a1,dd4a8f47032a345d96575bf854fbcb9ce57f9524e43c1d7a79f19179182d2702,rag_context,8192,16384,claims_recall,1000,0.0027449988207261136,0.27449988207261133,-0.0001066703705389915,0.005631336298845907,0.0584,9030.5,0.04747272816866554,0.05913933701129634,10000,20266005,paired_case_bootstrap_percentile,numpy_vectorized,paired bootstrap percentile,0.0584,0.27449988207261133,,,,,,,,continuous_rag_context,1.0,False,1.0,False,1.0,False
C18,C19,482db16b9cb3a7957d8b26c1b0659482936374cd0dda8de0c039e385731dc1a1,dd4a8f47032a345d96575bf854fbcb9ce57f9524e43c1d7a79f19179182d2702,rag_context,8192,16384,prompt_coverage,1000,0.0,0.0,0.0,0.0,1.0,,1.0,,10000,20266005,paired_case_bootstrap_percentile,numpy_vectorized,paired bootstrap percentile,1.0,0.0,,,,,,,,continuous_rag_context,1.0,False,1.0,False,1.0,False
C18,C19,482db16b9cb3a7957d8b26c1b0659482936374cd0dda8de0c039e385731dc1a1,dd4a8f47032a345d96575bf854fbcb9ce57f9524e43c1d7a79f19179182d2702,rag_context,8192,16384,critical_fields_score,1000,0.008,0.8,-0.003,0.019,0.1944,367.5,0.17313832149575525,0.043405264348070544,10000,20266005,paired_case_bootstrap_percentile,numpy_vectorized,McNemar exact two-sided,0.22948101302608848,0.8000000000000007,13,21,34,0.1508192344529515,0.19768346559660158,0.15837194044398084,0.20606953146980334,continuous_rag_context,1.0,False,1.0,False,1.0,False
C18,C19,482db16b9cb3a7957d8b26c1b0659482936374cd0dda8de0c039e385731dc1a1,dd4a8f47032a345d96575bf854fbcb9ce57f9524e43c1d7a79f19179182d2702,rag_context,8192,16384,critical_contradiction_free,1000,0.008,0.8,-0.001,0.018,0.1152,200.0,0.10595099505368939,0.051682908148172224,10000,20266005,paired_case_bootstrap_percentile,numpy_vectorized,McNemar exact two-sided,0.15158963203430176,0.8000000000000007,8,16,24,0.7876522642371055,0.8359521849509368,0.7960253362714628,0.8435178847808108,continuous_rag_context,1.0,False,1.0,False,1.0,False
C18,C19,482db16b9cb3a7957d8b26c1b0659482936374cd0dda8de0c039e385731dc1a1,dd4a8f47032a345d96575bf854fbcb9ce57f9524e43c1d7a79f19179182d2702,rag_context,8192,16384,critical_omission_free,1000,-0.001,-0.1,-0.012,0.009,0.9248,210.0,0.862403323736515,-0.005869366556504452,10000,20266005,paired_case_bootstrap_percentile,numpy_vectorized,McNemar exact two-sided,1.0,-0.10000000000000009,15,14,29,0.18588891937362567,0.23633060054799632,0.1849366933157235,0.23529048012286963,continuous_rag_context,1.0,False,1.0,False,1.0,False
C18,C19,482db16b9cb3a7957d8b26c1b0659482936374cd0dda8de0c039e385731dc1a1,dd4a8f47032a345d96575bf854fbcb9ce57f9524e43c1d7a79f19179182d2702,rag_context,8192,16384,unsupported_addition_free,1000,-0.022,-2.1999999999999997,-0.046,0.002,0.0814,5259.5,0.07834174313017511,-0.055759373602478304,10000,20266005,paired_case_bootstrap_percentile,numpy_vectorized,McNemar exact two-sided,0.0923768458186001,-2.200000000000002,89,67,156,0.5270556511526086,0.5885004448630671,0.5050118052369239,0.5667126681521162,continuous_rag_context,1.0,False,1.0,False,1.0,False
C18,C19,482db16b9cb3a7957d8b26c1b0659482936374cd0dda8de0c039e385731dc1a1,dd4a8f47032a345d96575bf854fbcb9ce57f9524e43c1d7a79f19179182d2702,rag_context,8192,16384,citation_traceability,1000,0.0,0.0,0.0,0.0,1.0,,1.0,,10000,20266005,paired_case_bootstrap_percentile,numpy_vectorized,paired bootstrap percentile,1.0,0.0,,,,,,,,continuous_rag_context,1.0,False,1.0,False,1.0,False
